entry_id,entry_type,relative_path,symbol_or_route,current_owner,business_semantics,phase4_carrier,tracked_state,semantic_status,cleanup_disposition,target_capability,target_capability_status,golden_fixture,contract_tests,reference_scan_status,external_alias_status,delete_commit,notes
legacy:src/app/workline/domain/contexts/rough_sorter.py:RoughSorterContext,domain_object,src/app/workline/domain/contexts/rough_sorter.py,RoughSorterContext,workline,[phase4] 粗分机业务流程,True,already-removed,semantics-covered,moved,runtime:rough_sorter_inbound,mapped,tests/architecture/test_core_plugin_test_ownership_guardrail.py,tests/workline_runtime/test_runtime_intent_effect_applier.py;tests/architecture/test_core_plugin_test_ownership_guardrail.py,clean,external-contract-blocker,8c833610c08005005406b3a774c92519f69b7886,业务语义已迁入 src/app/runtime/capabilities/material_flow/ 目标态合同或 service，旧 WorkLine path 已删除。 插件专属测试已从核心移出；核心仅保留所有权边界证据，行为由对应插件包重建。
legacy:src/app/workline/domain/contexts/rough_sorter.py:RoughSorterQ19AdmissionDecision,domain_object,src/app/workline/domain/contexts/rough_sorter.py,RoughSorterQ19AdmissionDecision,workline,[phase4] 粗分机业务流程,True,already-removed,semantics-obsolete,moved,runtime:rough_sorter_inbound,mapped,tests/architecture/test_core_plugin_test_ownership_guardrail.py,tests/architecture/test_core_plugin_test_ownership_guardrail.py,clean,external-contract-blocker,8c833610c08005005406b3a774c92519f69b7886,Q19 决策事实已迁入 material-flow typed contract，并由持久化与 replay 测试覆盖。 插件专属测试已从核心移出；核心仅保留所有权边界证据，行为由对应插件包重建。
legacy:src/app/workline/domain/contexts/smt_sorting_inbound.py:SortingInboundContext,domain_object,src/app/workline/domain/contexts/smt_sorting_inbound.py,SortingInboundContext,workline,[phase4] 分拣机入库业务流程,True,already-removed,semantics-obsolete,moved,material-flow:sorter_inbound_runtime_service.SorterInboundRuntimeService,mapped,tests/architecture/test_core_plugin_test_ownership_guardrail.py,tests/architecture/test_core_plugin_test_ownership_guardrail.py,clean,external-contract-blocker,8c833610c08005005406b3a774c92519f69b7886,业务语义已迁入 src/app/runtime/capabilities/material_flow/ 目标态合同或 service，旧 WorkLine path 已删除。 插件专属测试已从核心移出；核心仅保留所有权边界证据，行为由对应插件包重建。
legacy:src/app/workline/domain/contexts/smt_sorting_inbound.py:SortingInboundContextError,domain_object,src/app/workline/domain/contexts/smt_sorting_inbound.py,SortingInboundContextError,workline,[phase4] 分拣机入库业务流程,True,already-removed,semantics-obsolete,moved,material-flow:sorter_inbound_runtime_service.SorterInboundRuntimeService,mapped,tests/architecture/test_core_plugin_test_ownership_guardrail.py,tests/architecture/test_core_plugin_test_ownership_guardrail.py,clean,external-contract-blocker,8c833610c08005005406b3a774c92519f69b7886,业务语义已迁入 src/app/runtime/capabilities/material_flow/ 目标态合同或 service，旧 WorkLine path 已删除。 插件专属测试已从核心移出；核心仅保留所有权边界证据，行为由对应插件包重建。
legacy:src/app/workline/domain/contexts/smt_sorting_inbound.py:_require_json_serializable,domain_object,src/app/workline/domain/contexts/smt_sorting_inbound.py,_require_json_serializable,workline,[phase4] 分拣机入库业务流程,True,already-removed,semantics-obsolete,moved,material-flow:sorter_inbound_runtime_service.SorterInboundRuntimeService,mapped,tests/architecture/test_core_plugin_test_ownership_guardrail.py,tests/architecture/test_core_plugin_test_ownership_guardrail.py,clean,external-contract-blocker,8c833610c08005005406b3a774c92519f69b7886,业务语义已迁入 src/app/runtime/capabilities/material_flow/ 目标态合同或 service，旧 WorkLine path 已删除。 插件专属测试已从核心移出；核心仅保留所有权边界证据，行为由对应插件包重建。
legacy:src/app/workline/domain/contexts/smt_sorting_inbound.py:_require_positive_int,domain_object,src/app/workline/domain/contexts/smt_sorting_inbound.py,_require_positive_int,workline,[phase4] 分拣机入库业务流程,True,already-removed,semantics-obsolete,moved,material-flow:sorter_inbound_runtime_service.SorterInboundRuntimeService,mapped,tests/architecture/test_core_plugin_test_ownership_guardrail.py,tests/architecture/test_core_plugin_test_ownership_guardrail.py,clean,external-contract-blocker,8c833610c08005005406b3a774c92519f69b7886,业务语义已迁入 src/app/runtime/capabilities/material_flow/ 目标态合同或 service，旧 WorkLine path 已删除。 插件专属测试已从核心移出；核心仅保留所有权边界证据，行为由对应插件包重建。
legacy:src/app/workline/domain/contexts/smt_sorting_inbound.py:_require_text,domain_object,src/app/workline/domain/contexts/smt_sorting_inbound.py,_require_text,workline,[phase4] 分拣机入库业务流程,True,already-removed,semantics-obsolete,moved,material-flow:sorter_inbound_runtime_service.SorterInboundRuntimeService,mapped,tests/architecture/test_core_plugin_test_ownership_guardrail.py,tests/architecture/test_core_plugin_test_ownership_guardrail.py,clean,external-contract-blocker,8c833610c08005005406b3a774c92519f69b7886,业务语义已迁入 src/app/runtime/capabilities/material_flow/ 目标态合同或 service，旧 WorkLine path 已删除。 插件专属测试已从核心移出；核心仅保留所有权边界证据，行为由对应插件包重建。
legacy:src/app/workline/domain/contracts/rough_sorter.py:_base_command_payload,domain_object,src/app/workline/domain/contracts/rough_sorter.py,_base_command_payload,workline,[phase4] 粗分机业务流程,True,already-removed,semantics-covered,moved,runtime:rough_sorter_inbound,mapped,tests/architecture/test_core_plugin_test_ownership_guardrail.py,tests/workline_runtime/test_runtime_intent_effect_applier.py;tests/architecture/test_core_plugin_test_ownership_guardrail.py,clean,external-contract-blocker,8c833610c08005005406b3a774c92519f69b7886,业务语义已迁入 src/app/runtime/capabilities/material_flow/ 目标态合同或 service，旧 WorkLine path 已删除。 插件专属测试已从核心移出；核心仅保留所有权边界证据，行为由对应插件包重建。
legacy:src/app/workline/domain/contracts/rough_sorter.py:_non_empty_str,domain_object,src/app/workline/domain/contracts/rough_sorter.py,_non_empty_str,workline,[phase4] 粗分机业务流程,True,already-removed,semantics-covered,moved,runtime:rough_sorter_inbound,mapped,tests/architecture/test_core_plugin_test_ownership_guardrail.py,tests/workline_runtime/test_runtime_intent_effect_applier.py;tests/architecture/test_core_plugin_test_ownership_guardrail.py,clean,external-contract-blocker,8c833610c08005005406b3a774c92519f69b7886,业务语义已迁入 src/app/runtime/capabilities/material_flow/ 目标态合同或 service，旧 WorkLine path 已删除。 插件专属测试已从核心移出；核心仅保留所有权边界证据，行为由对应插件包重建。
legacy:src/app/workline/domain/contracts/rough_sorter.py:_payload_data,domain_object,src/app/workline/domain/contracts/rough_sorter.py,_payload_data,workline,[phase4] 粗分机业务流程,True,already-removed,semantics-covered,moved,runtime:rough_sorter_inbound,mapped,tests/architecture/test_core_plugin_test_ownership_guardrail.py,tests/workline_runtime/test_runtime_intent_effect_applier.py;tests/architecture/test_core_plugin_test_ownership_guardrail.py,clean,external-contract-blocker,8c833610c08005005406b3a774c92519f69b7886,业务语义已迁入 src/app/runtime/capabilities/material_flow/ 目标态合同或 service，旧 WorkLine path 已删除。 插件专属测试已从核心移出；核心仅保留所有权边界证据，行为由对应插件包重建。
legacy:src/app/workline/domain/contracts/rough_sorter.py:_six_in_one_dict,domain_object,src/app/workline/domain/contracts/rough_sorter.py,_six_in_one_dict,workline,[phase4] 粗分机业务流程,True,already-removed,semantics-covered,moved,runtime:rough_sorter_inbound,mapped,tests/architecture/test_core_plugin_test_ownership_guardrail.py,tests/workline_runtime/test_runtime_intent_effect_applier.py;tests/architecture/test_core_plugin_test_ownership_guardrail.py,clean,external-contract-blocker,8c833610c08005005406b3a774c92519f69b7886,业务语义已迁入 src/app/runtime/capabilities/material_flow/ 目标态合同或 service，旧 WorkLine path 已删除。 插件专属测试已从核心移出；核心仅保留所有权边界证据，行为由对应插件包重建。
legacy:src/app/workline/domain/contracts/rough_sorter.py:build_move_forward_payload,domain_object,src/app/workline/domain/contracts/rough_sorter.py,build_move_forward_payload,workline,[phase4] 粗分机业务流程,True,already-removed,semantics-covered,moved,runtime:rough_sorter_inbound,mapped,tests/architecture/test_core_plugin_test_ownership_guardrail.py,tests/workline_runtime/test_runtime_intent_effect_applier.py;tests/architecture/test_core_plugin_test_ownership_guardrail.py,clean,external-contract-blocker,8c833610c08005005406b3a774c92519f69b7886,业务语义已迁入 src/app/runtime/capabilities/material_flow/ 目标态合同或 service，旧 WorkLine path 已删除。 插件专属测试已从核心移出；核心仅保留所有权边界证据，行为由对应插件包重建。
legacy:src/app/workline/domain/contracts/rough_sorter.py:build_move_to_ng_payload,domain_object,src/app/workline/domain/contracts/rough_sorter.py,build_move_to_ng_payload,workline,[phase4] 粗分机业务流程,True,already-removed,semantics-covered,moved,runtime:rough_sorter_inbound,mapped,tests/architecture/test_core_plugin_test_ownership_guardrail.py,tests/workline_runtime/test_runtime_intent_effect_applier.py;tests/architecture/test_core_plugin_test_ownership_guardrail.py,clean,external-contract-blocker,8c833610c08005005406b3a774c92519f69b7886,业务语义已迁入 src/app/runtime/capabilities/material_flow/ 目标态合同或 service，旧 WorkLine path 已删除。 插件专属测试已从核心移出；核心仅保留所有权边界证据，行为由对应插件包重建。
legacy:src/app/workline/domain/contracts/rough_sorter.py:build_pick_and_put_payload,domain_object,src/app/workline/domain/contracts/rough_sorter.py,build_pick_and_put_payload,workline,[phase4] 粗分机业务流程,True,already-removed,semantics-covered,moved,runtime:rough_sorter_inbound,mapped,tests/architecture/test_core_plugin_test_ownership_guardrail.py,tests/workline_runtime/test_runtime_intent_effect_applier.py;tests/architecture/test_core_plugin_test_ownership_guardrail.py,clean,external-contract-blocker,8c833610c08005005406b3a774c92519f69b7886,业务语义已迁入 src/app/runtime/capabilities/material_flow/ 目标态合同或 service，旧 WorkLine path 已删除。 插件专属测试已从核心移出；核心仅保留所有权边界证据，行为由对应插件包重建。
legacy:src/app/workline/domain/contracts/rough_sorter.py:build_put_to_bin_payload,domain_object,src/app/workline/domain/contracts/rough_sorter.py,build_put_to_bin_payload,workline,[phase4] 粗分机业务流程,True,already-removed,semantics-covered,moved,runtime:rough_sorter_inbound,mapped,tests/architecture/test_core_plugin_test_ownership_guardrail.py,tests/workline_runtime/test_runtime_intent_effect_applier.py;tests/architecture/test_core_plugin_test_ownership_guardrail.py,clean,external-contract-blocker,8c833610c08005005406b3a774c92519f69b7886,业务语义已迁入 src/app/runtime/capabilities/material_flow/ 目标态合同或 service，旧 WorkLine path 已删除。 插件专属测试已从核心移出；核心仅保留所有权边界证据，行为由对应插件包重建。
legacy:src/app/workline/domain/contracts/rough_sorter.py:classify_rough_sorter_result,domain_object,src/app/workline/domain/contracts/rough_sorter.py,classify_rough_sorter_result,workline,[phase4] 粗分机业务流程,True,already-removed,semantics-covered,moved,runtime:rough_sorter_inbound,mapped,tests/architecture/test_core_plugin_test_ownership_guardrail.py,tests/workline_runtime/test_runtime_intent_effect_applier.py;tests/architecture/test_core_plugin_test_ownership_guardrail.py,clean,external-contract-blocker,8c833610c08005005406b3a774c92519f69b7886,业务语义已迁入 src/app/runtime/capabilities/material_flow/ 目标态合同或 service，旧 WorkLine path 已删除。 插件专属测试已从核心移出；核心仅保留所有权边界证据，行为由对应插件包重建。
legacy:src/app/workline/domain/contracts/rough_sorter.py:normalize_six_in_one_payload,domain_object,src/app/workline/domain/contracts/rough_sorter.py,normalize_six_in_one_payload,workline,[phase4] 粗分机业务流程,True,already-removed,semantics-covered,moved,runtime:rough_sorter_inbound,mapped,tests/architecture/test_core_plugin_test_ownership_guardrail.py,tests/workline_runtime/test_runtime_intent_effect_applier.py;tests/architecture/test_core_plugin_test_ownership_guardrail.py,clean,external-contract-blocker,8c833610c08005005406b3a774c92519f69b7886,业务语义已迁入 src/app/runtime/capabilities/material_flow/ 目标态合同或 service，旧 WorkLine path 已删除。 插件专属测试已从核心移出；核心仅保留所有权边界证据，行为由对应插件包重建。
legacy:src/app/workline/domain/contracts/rough_sorter.py:resolve_rough_sorter_business_key,domain_object,src/app/workline/domain/contracts/rough_sorter.py,resolve_rough_sorter_business_key,workline,[phase4] 粗分机业务流程,True,already-removed,semantics-covered,moved,runtime:rough_sorter_inbound,mapped,tests/architecture/test_core_plugin_test_ownership_guardrail.py,tests/workline_runtime/test_runtime_intent_effect_applier.py;tests/architecture/test_core_plugin_test_ownership_guardrail.py,clean,external-contract-blocker,8c833610c08005005406b3a774c92519f69b7886,业务语义已迁入 src/app/runtime/capabilities/material_flow/ 目标态合同或 service，旧 WorkLine path 已删除。 插件专属测试已从核心移出；核心仅保留所有权边界证据，行为由对应插件包重建。
legacy:src/app/workline/domain/contracts/six_in_one.py:SixInOne,domain_object,src/app/workline/domain/contracts/six_in_one.py,SixInOne,workline,[phase4] SixInOne 合同,True,already-removed,semantics-covered,moved,material-flow:contracts.six_in_one.SixInOne,mapped,tests/contracts/workline/;tests/architecture/,tests/architecture/test_core_plugin_test_ownership_guardrail.py,clean,internal-only,8c833610c08005005406b3a774c92519f69b7886,业务语义已迁入 src/app/runtime/capabilities/material_flow/ 目标态合同或 service，旧 WorkLine path 已删除。 插件专属测试已从核心移出；核心仅保留所有权边界证据，行为由对应插件包重建。
legacy:src/app/workline/domain/material_identity.py:MaterialIdentity,domain_object,src/app/workline/domain/material_identity.py,MaterialIdentity,workline,[phase4] Material Identity 业务流程,True,already-removed,semantics-covered,moved,material-flow:contracts.material_identity.MaterialIdentity,mapped,tests/contracts/workline/;tests/architecture/,tests/contracts/test_business_legacy_absence_ledger.py;tests/architecture/test_core_plugin_test_ownership_guardrail.py,clean,internal-only,8c833610c08005005406b3a774c92519f69b7886,业务语义已迁入 src/app/runtime/capabilities/material_flow/ 目标态合同或 service，旧 WorkLine path 已删除。 插件专属测试已从核心移出；核心仅保留所有权边界证据，行为由对应插件包重建。
legacy:src/app/workline/domain/material_identity.py:MaterialIdentityInput,domain_object,src/app/workline/domain/material_identity.py,MaterialIdentityInput,workline,[phase4] Material Identity 业务流程,True,already-removed,semantics-covered,moved,material-flow:contracts.material_identity.MaterialIdentity,mapped,tests/contracts/workline/;tests/architecture/,tests/contracts/test_business_legacy_absence_ledger.py;tests/architecture/test_core_plugin_test_ownership_guardrail.py,clean,internal-only,8c833610c08005005406b3a774c92519f69b7886,业务语义已迁入 src/app/runtime/capabilities/material_flow/ 目标态合同或 service，旧 WorkLine path 已删除。 插件专属测试已从核心移出；核心仅保留所有权边界证据，行为由对应插件包重建。
legacy:src/app/workline/domain/material_identity.py:MaterialIdentityResolutionStatus,domain_object,src/app/workline/domain/material_identity.py,MaterialIdentityResolutionStatus,workline,[phase4] Material Identity 业务流程,True,already-removed,semantics-covered,moved,material-flow:contracts.material_identity.MaterialIdentity,mapped,tests/contracts/workline/;tests/architecture/,tests/contracts/test_business_legacy_absence_ledger.py;tests/architecture/test_core_plugin_test_ownership_guardrail.py,clean,internal-only,8c833610c08005005406b3a774c92519f69b7886,业务语义已迁入 src/app/runtime/capabilities/material_flow/ 目标态合同或 service，旧 WorkLine path 已删除。 插件专属测试已从核心移出；核心仅保留所有权边界证据，行为由对应插件包重建。
legacy:src/app/workline/domain/material_identity.py:hash_material_evidence,domain_object,src/app/workline/domain/material_identity.py,hash_material_evidence,workline,[phase4] Material Identity 业务流程,True,already-removed,semantics-covered,moved,material-flow:contracts.material_identity.MaterialIdentity,mapped,tests/contracts/workline/;tests/architecture/,tests/contracts/test_business_legacy_absence_ledger.py;tests/architecture/test_core_plugin_test_ownership_guardrail.py,clean,internal-only,8c833610c08005005406b3a774c92519f69b7886,业务语义已迁入 src/app/runtime/capabilities/material_flow/ 目标态合同或 service，旧 WorkLine path 已删除。 插件专属测试已从核心移出；核心仅保留所有权边界证据，行为由对应插件包重建。
legacy:src/app/workline/domain/material_identity.py:material_identity_input_to_hash,domain_object,src/app/workline/domain/material_identity.py,material_identity_input_to_hash,workline,[phase4] Material Identity 业务流程,True,already-removed,semantics-covered,moved,material-flow:contracts.material_identity.MaterialIdentity,mapped,tests/contracts/workline/;tests/architecture/,tests/contracts/test_business_legacy_absence_ledger.py;tests/architecture/test_core_plugin_test_ownership_guardrail.py,clean,internal-only,8c833610c08005005406b3a774c92519f69b7886,业务语义已迁入 src/app/runtime/capabilities/material_flow/ 目标态合同或 service，旧 WorkLine path 已删除。 插件专属测试已从核心移出；核心仅保留所有权边界证据，行为由对应插件包重建。
legacy:src/app/workline/domain/ng_reason.py:NgReasonCatalog,domain_object,src/app/workline/domain/ng_reason.py,NgReasonCatalog,workline,[phase4] NG 退货/处理业务流程,True,already-removed,semantics-covered,moved,material-flow:ng_return_item_service.NgReturnItemService,mapped,tests/contracts/workline/;tests/architecture/,tests/workline_runtime/test_bin_cell_reservation_target_lifecycle.py;tests/contracts/workline/test_runtime_hold_contract.py,clean,internal-only,8c833610c08005005406b3a774c92519f69b7886,业务语义已迁入 src/app/runtime/capabilities/material_flow/ 目标态合同或 service，旧 WorkLine path 已删除。
legacy:src/app/workline/domain/ng_reason.py:NgReasonDefinition,domain_object,src/app/workline/domain/ng_reason.py,NgReasonDefinition,workline,[phase4] NG 退货/处理业务流程,True,already-removed,semantics-covered,moved,material-flow:ng_return_item_service.NgReturnItemService,mapped,tests/contracts/workline/;tests/architecture/,tests/workline_runtime/test_bin_cell_reservation_target_lifecycle.py;tests/contracts/workline/test_runtime_hold_contract.py,clean,internal-only,8c833610c08005005406b3a774c92519f69b7886,业务语义已迁入 src/app/runtime/capabilities/material_flow/ 目标态合同或 service，旧 WorkLine path 已删除。
legacy:src/app/workline/domain/ng_reason.py:NgReasonSource,domain_object,src/app/workline/domain/ng_reason.py,NgReasonSource,workline,[phase4] NG 退货/处理业务流程,True,already-removed,semantics-covered,moved,material-flow:ng_return_item_service.NgReturnItemService,mapped,tests/contracts/workline/;tests/architecture/,tests/workline_runtime/test_bin_cell_reservation_target_lifecycle.py;tests/contracts/workline/test_runtime_hold_contract.py,clean,internal-only,8c833610c08005005406b3a774c92519f69b7886,业务语义已迁入 src/app/runtime/capabilities/material_flow/ 目标态合同或 service，旧 WorkLine path 已删除。
legacy:src/app/workline/domain/ng_reason.py:build_ng_reason_catalog,domain_object,src/app/workline/domain/ng_reason.py,build_ng_reason_catalog,workline,[phase4] NG 退货/处理业务流程,True,already-removed,semantics-covered,moved,material-flow:ng_return_item_service.NgReturnItemService,mapped,tests/contracts/workline/;tests/architecture/,tests/workline_runtime/test_bin_cell_reservation_target_lifecycle.py;tests/contracts/workline/test_runtime_hold_contract.py,clean,internal-only,8c833610c08005005406b3a774c92519f69b7886,业务语义已迁入 src/app/runtime/capabilities/material_flow/ 目标态合同或 service，旧 WorkLine path 已删除。
legacy:src/app/workline/domain/services/smt_inbound_handoff_reason.py:SmtInboundHandoffReasonCatalog,domain_object,src/app/workline/domain/services/smt_inbound_handoff_reason.py,SmtInboundHandoffReasonCatalog,workline,[phase4] SMT 入库业务流程,True,already-removed,semantics-covered,moved,material-flow:smt_inbound_handoff.SmtInboundHandoffIntentService,mapped,tests/architecture/test_core_plugin_test_ownership_guardrail.py,tests/contracts/workline/test_runtime_snapshot_contract.py;tests/architecture/test_core_plugin_test_ownership_guardrail.py,clean,external-contract-blocker,8c833610c08005005406b3a774c92519f69b7886,业务语义已迁入 src/app/runtime/capabilities/material_flow/ 目标态合同或 service，旧 WorkLine path 已删除。 插件专属测试已从核心移出；核心仅保留所有权边界证据，行为由对应插件包重建。
legacy:src/app/workline/domain/services/smt_inbound_handoff_reason.py:SmtInboundHandoffReasonCategory,domain_object,src/app/workline/domain/services/smt_inbound_handoff_reason.py,SmtInboundHandoffReasonCategory,workline,[phase4] SMT 入库业务流程,True,already-removed,semantics-covered,moved,material-flow:smt_inbound_handoff.SmtInboundHandoffIntentService,mapped,tests/architecture/test_core_plugin_test_ownership_guardrail.py,tests/contracts/workline/test_runtime_snapshot_contract.py;tests/architecture/test_core_plugin_test_ownership_guardrail.py,clean,external-contract-blocker,8c833610c08005005406b3a774c92519f69b7886,业务语义已迁入 src/app/runtime/capabilities/material_flow/ 目标态合同或 service，旧 WorkLine path 已删除。 插件专属测试已从核心移出；核心仅保留所有权边界证据，行为由对应插件包重建。
legacy:src/app/workline/domain/services/smt_inbound_handoff_reason.py:SmtInboundHandoffReasonCode,domain_object,src/app/workline/domain/services/smt_inbound_handoff_reason.py,SmtInboundHandoffReasonCode,workline,[phase4] SMT 入库业务流程,True,already-removed,semantics-covered,moved,material-flow:smt_inbound_handoff.SmtInboundHandoffIntentService,mapped,tests/architecture/test_core_plugin_test_ownership_guardrail.py,tests/contracts/workline/test_runtime_snapshot_contract.py;tests/architecture/test_core_plugin_test_ownership_guardrail.py,clean,external-contract-blocker,8c833610c08005005406b3a774c92519f69b7886,业务语义已迁入 src/app/runtime/capabilities/material_flow/ 目标态合同或 service，旧 WorkLine path 已删除。 插件专属测试已从核心移出；核心仅保留所有权边界证据，行为由对应插件包重建。
legacy:src/app/workline/domain/services/smt_inbound_handoff_reason.py:SmtInboundHandoffReasonDefinition,domain_object,src/app/workline/domain/services/smt_inbound_handoff_reason.py,SmtInboundHandoffReasonDefinition,workline,[phase4] SMT 入库业务流程,True,already-removed,semantics-covered,moved,material-flow:smt_inbound_handoff.SmtInboundHandoffIntentService,mapped,tests/architecture/test_core_plugin_test_ownership_guardrail.py,tests/contracts/workline/test_runtime_snapshot_contract.py;tests/architecture/test_core_plugin_test_ownership_guardrail.py,clean,external-contract-blocker,8c833610c08005005406b3a774c92519f69b7886,业务语义已迁入 src/app/runtime/capabilities/material_flow/ 目标态合同或 service，旧 WorkLine path 已删除。 插件专属测试已从核心移出；核心仅保留所有权边界证据，行为由对应插件包重建。
legacy:src/app/workline/domain/services/smt_inbound_handoff_reason.py:SmtInboundHandoffRecoverability,domain_object,src/app/workline/domain/services/smt_inbound_handoff_reason.py,SmtInboundHandoffRecoverability,workline,[phase4] SMT 入库业务流程,True,already-removed,semantics-covered,moved,material-flow:smt_inbound_handoff.SmtInboundHandoffIntentService,mapped,tests/architecture/test_core_plugin_test_ownership_guardrail.py,tests/contracts/workline/test_runtime_snapshot_contract.py;tests/architecture/test_core_plugin_test_ownership_guardrail.py,clean,external-contract-blocker,8c833610c08005005406b3a774c92519f69b7886,业务语义已迁入 src/app/runtime/capabilities/material_flow/ 目标态合同或 service，旧 WorkLine path 已删除。 插件专属测试已从核心移出；核心仅保留所有权边界证据，行为由对应插件包重建。
legacy:src/app/workline/domain/services/smt_inbound_handoff_reason.py:build_smt_inbound_handoff_reason_catalog,domain_object,src/app/workline/domain/services/smt_inbound_handoff_reason.py,build_smt_inbound_handoff_reason_catalog,workline,[phase4] SMT 入库业务流程,True,already-removed,semantics-covered,moved,material-flow:smt_inbound_handoff.SmtInboundHandoffIntentService,mapped,tests/architecture/test_core_plugin_test_ownership_guardrail.py,tests/contracts/workline/test_runtime_snapshot_contract.py;tests/architecture/test_core_plugin_test_ownership_guardrail.py,clean,external-contract-blocker,8c833610c08005005406b3a774c92519f69b7886,业务语义已迁入 src/app/runtime/capabilities/material_flow/ 目标态合同或 service，旧 WorkLine path 已删除。 插件专属测试已从核心移出；核心仅保留所有权边界证据，行为由对应插件包重建。
legacy:src/app/workline/domain/services/smt_inbound_handoff_route_service.py:EcsStatusProbe,domain_object,src/app/workline/domain/services/smt_inbound_handoff_route_service.py,EcsStatusProbe,workline,[phase4] SMT 入库业务流程,True,already-removed,semantics-covered,moved,material-flow:smt_inbound_handoff.SmtInboundHandoffIntentService,mapped,tests/architecture/test_core_plugin_test_ownership_guardrail.py,tests/contracts/workline/test_runtime_snapshot_contract.py;tests/architecture/test_core_plugin_test_ownership_guardrail.py,clean,external-contract-blocker,8c833610c08005005406b3a774c92519f69b7886,业务语义已迁入 src/app/runtime/capabilities/material_flow/ 目标态合同或 service，旧 WorkLine path 已删除。 插件专属测试已从核心移出；核心仅保留所有权边界证据，行为由对应插件包重建。
legacy:src/app/workline/domain/services/smt_inbound_handoff_route_service.py:SmtInboundHandoffRouteResult,domain_object,src/app/workline/domain/services/smt_inbound_handoff_route_service.py,SmtInboundHandoffRouteResult,workline,[phase4] SMT 入库业务流程,True,already-removed,semantics-covered,moved,material-flow:smt_inbound_handoff.SmtInboundHandoffIntentService,mapped,tests/architecture/test_core_plugin_test_ownership_guardrail.py,tests/contracts/workline/test_runtime_snapshot_contract.py;tests/architecture/test_core_plugin_test_ownership_guardrail.py,clean,external-contract-blocker,8c833610c08005005406b3a774c92519f69b7886,业务语义已迁入 src/app/runtime/capabilities/material_flow/ 目标态合同或 service，旧 WorkLine path 已删除。 插件专属测试已从核心移出；核心仅保留所有权边界证据，行为由对应插件包重建。
legacy:src/app/workline/domain/services/smt_inbound_handoff_route_service.py:SmtInboundHandoffRouteService,domain_object,src/app/workline/domain/services/smt_inbound_handoff_route_service.py,SmtInboundHandoffRouteService,workline,[phase4] SMT 入库业务流程,True,already-removed,semantics-covered,moved,material-flow:smt_inbound_handoff.SmtInboundHandoffIntentService,mapped,tests/architecture/test_core_plugin_test_ownership_guardrail.py,tests/contracts/workline/test_runtime_snapshot_contract.py;tests/architecture/test_core_plugin_test_ownership_guardrail.py,clean,external-contract-blocker,8c833610c08005005406b3a774c92519f69b7886,业务语义已迁入 src/app/runtime/capabilities/material_flow/ 目标态合同或 service，旧 WorkLine path 已删除。 插件专属测试已从核心移出；核心仅保留所有权边界证据，行为由对应插件包重建。
legacy:src/app/workline/domain/services/smt_inbound_handoff_route_service.py:_BoundaryResolution,domain_object,src/app/workline/domain/services/smt_inbound_handoff_route_service.py,_BoundaryResolution,workline,[phase4] SMT 入库业务流程,True,already-removed,semantics-covered,moved,material-flow:smt_inbound_handoff.SmtInboundHandoffIntentService,mapped,tests/architecture/test_core_plugin_test_ownership_guardrail.py,tests/contracts/workline/test_runtime_snapshot_contract.py;tests/architecture/test_core_plugin_test_ownership_guardrail.py,clean,external-contract-blocker,8c833610c08005005406b3a774c92519f69b7886,业务语义已迁入 src/app/runtime/capabilities/material_flow/ 目标态合同或 service，旧 WorkLine path 已删除。 插件专属测试已从核心移出；核心仅保留所有权边界证据，行为由对应插件包重建。
legacy:src/app/workline/domain/services/smt_inbound_handoff_route_service.py:_BoundaryResolutionResult,domain_object,src/app/workline/domain/services/smt_inbound_handoff_route_service.py,_BoundaryResolutionResult,workline,[phase4] SMT 入库业务流程,True,already-removed,semantics-covered,moved,material-flow:smt_inbound_handoff.SmtInboundHandoffIntentService,mapped,tests/architecture/test_core_plugin_test_ownership_guardrail.py,tests/contracts/workline/test_runtime_snapshot_contract.py;tests/architecture/test_core_plugin_test_ownership_guardrail.py,clean,external-contract-blocker,8c833610c08005005406b3a774c92519f69b7886,业务语义已迁入 src/app/runtime/capabilities/material_flow/ 目标态合同或 service，旧 WorkLine path 已删除。 插件专属测试已从核心移出；核心仅保留所有权边界证据，行为由对应插件包重建。
legacy:src/app/workline/domain/services/smt_inbound_handoff_route_service.py:_ProbeResult,domain_object,src/app/workline/domain/services/smt_inbound_handoff_route_service.py,_ProbeResult,workline,[phase4] SMT 入库业务流程,True,already-removed,semantics-covered,moved,material-flow:smt_inbound_handoff.SmtInboundHandoffIntentService,mapped,tests/architecture/test_core_plugin_test_ownership_guardrail.py,tests/contracts/workline/test_runtime_snapshot_contract.py;tests/architecture/test_core_plugin_test_ownership_guardrail.py,clean,external-contract-blocker,8c833610c08005005406b3a774c92519f69b7886,业务语义已迁入 src/app/runtime/capabilities/material_flow/ 目标态合同或 service，旧 WorkLine path 已删除。 插件专属测试已从核心移出；核心仅保留所有权边界证据，行为由对应插件包重建。
legacy:src/app/workline/domain/services/smt_inbound_handoff_route_service.py:_boundary_to_evidence,domain_object,src/app/workline/domain/services/smt_inbound_handoff_route_service.py,_boundary_to_evidence,workline,[phase4] SMT 入库业务流程,True,already-removed,semantics-covered,moved,material-flow:smt_inbound_handoff.SmtInboundHandoffIntentService,mapped,tests/architecture/test_core_plugin_test_ownership_guardrail.py,tests/contracts/workline/test_runtime_snapshot_contract.py;tests/architecture/test_core_plugin_test_ownership_guardrail.py,clean,external-contract-blocker,8c833610c08005005406b3a774c92519f69b7886,业务语义已迁入 src/app/runtime/capabilities/material_flow/ 目标态合同或 service，旧 WorkLine path 已删除。 插件专属测试已从核心移出；核心仅保留所有权边界证据，行为由对应插件包重建。
legacy:src/app/workline/domain/services/smt_inbound_handoff_route_service.py:_manifest_boundary_evidence,domain_object,src/app/workline/domain/services/smt_inbound_handoff_route_service.py,_manifest_boundary_evidence,workline,[phase4] SMT 入库业务流程,True,already-removed,semantics-covered,moved,material-flow:smt_inbound_handoff.SmtInboundHandoffIntentService,mapped,tests/architecture/test_core_plugin_test_ownership_guardrail.py,tests/contracts/workline/test_runtime_snapshot_contract.py;tests/architecture/test_core_plugin_test_ownership_guardrail.py,clean,external-contract-blocker,8c833610c08005005406b3a774c92519f69b7886,业务语义已迁入 src/app/runtime/capabilities/material_flow/ 目标态合同或 service，旧 WorkLine path 已删除。 插件专属测试已从核心移出；核心仅保留所有权边界证据，行为由对应插件包重建。
legacy:src/app/workline/domain/services/smt_inbound_handoff_route_service.py:_matching_boundaries,domain_object,src/app/workline/domain/services/smt_inbound_handoff_route_service.py,_matching_boundaries,workline,[phase4] SMT 入库业务流程,True,already-removed,semantics-covered,moved,material-flow:smt_inbound_handoff.SmtInboundHandoffIntentService,mapped,tests/architecture/test_core_plugin_test_ownership_guardrail.py,tests/contracts/workline/test_runtime_snapshot_contract.py;tests/architecture/test_core_plugin_test_ownership_guardrail.py,clean,external-contract-blocker,8c833610c08005005406b3a774c92519f69b7886,业务语义已迁入 src/app/runtime/capabilities/material_flow/ 目标态合同或 service，旧 WorkLine path 已删除。 插件专属测试已从核心移出；核心仅保留所有权边界证据，行为由对应插件包重建。
legacy:src/app/workline/domain/services/smt_inbound_handoff_route_service.py:_real_ecs_status_probe,domain_object,src/app/workline/domain/services/smt_inbound_handoff_route_service.py,_real_ecs_status_probe,workline,[phase4] SMT 入库业务流程,True,already-removed,semantics-covered,moved,material-flow:smt_inbound_handoff.SmtInboundHandoffIntentService,mapped,tests/architecture/test_core_plugin_test_ownership_guardrail.py,tests/contracts/workline/test_runtime_snapshot_contract.py;tests/architecture/test_core_plugin_test_ownership_guardrail.py,clean,external-contract-blocker,8c833610c08005005406b3a774c92519f69b7886,业务语义已迁入 src/app/runtime/capabilities/material_flow/ 目标态合同或 service，旧 WorkLine path 已删除。 插件专属测试已从核心移出；核心仅保留所有权边界证据，行为由对应插件包重建。
legacy:src/app/workline/domain/services/smt_inbound_handoff_route_service.py:_resolve_boundary_selection,domain_object,src/app/workline/domain/services/smt_inbound_handoff_route_service.py,_resolve_boundary_selection,workline,[phase4] SMT 入库业务流程,True,already-removed,semantics-covered,moved,material-flow:smt_inbound_handoff.SmtInboundHandoffIntentService,mapped,tests/architecture/test_core_plugin_test_ownership_guardrail.py,tests/contracts/workline/test_runtime_snapshot_contract.py;tests/architecture/test_core_plugin_test_ownership_guardrail.py,clean,external-contract-blocker,8c833610c08005005406b3a774c92519f69b7886,业务语义已迁入 src/app/runtime/capabilities/material_flow/ 目标态合同或 service，旧 WorkLine path 已删除。 插件专属测试已从核心移出；核心仅保留所有权边界证据，行为由对应插件包重建。
legacy:src/app/workline/domain/services/smt_inbound_handoff_route_service.py:_resolve_configured_source_boundary,domain_object,src/app/workline/domain/services/smt_inbound_handoff_route_service.py,_resolve_configured_source_boundary,workline,[phase4] SMT 入库业务流程,True,already-removed,semantics-covered,moved,material-flow:smt_inbound_handoff.SmtInboundHandoffIntentService,mapped,tests/architecture/test_core_plugin_test_ownership_guardrail.py,tests/contracts/workline/test_runtime_snapshot_contract.py;tests/architecture/test_core_plugin_test_ownership_guardrail.py,clean,external-contract-blocker,8c833610c08005005406b3a774c92519f69b7886,业务语义已迁入 src/app/runtime/capabilities/material_flow/ 目标态合同或 service，旧 WorkLine path 已删除。 插件专属测试已从核心移出；核心仅保留所有权边界证据，行为由对应插件包重建。
legacy:src/app/workline/domain/services/smt_inbound_handoff_route_service.py:_selected_boundary_evidence,domain_object,src/app/workline/domain/services/smt_inbound_handoff_route_service.py,_selected_boundary_evidence,workline,[phase4] SMT 入库业务流程,True,already-removed,semantics-covered,moved,material-flow:smt_inbound_handoff.SmtInboundHandoffIntentService,mapped,tests/architecture/test_core_plugin_test_ownership_guardrail.py,tests/contracts/workline/test_runtime_snapshot_contract.py;tests/architecture/test_core_plugin_test_ownership_guardrail.py,clean,external-contract-blocker,8c833610c08005005406b3a774c92519f69b7886,业务语义已迁入 src/app/runtime/capabilities/material_flow/ 目标态合同或 service，旧 WorkLine path 已删除。 插件专属测试已从核心移出；核心仅保留所有权边界证据，行为由对应插件包重建。
legacy:src/app/workline/domain/services/smt_inbound_handoff_route_service.py:_source_boundary_by_position,domain_object,src/app/workline/domain/services/smt_inbound_handoff_route_service.py,_source_boundary_by_position,workline,[phase4] SMT 入库业务流程,True,already-removed,semantics-covered,moved,material-flow:smt_inbound_handoff.SmtInboundHandoffIntentService,mapped,tests/architecture/test_core_plugin_test_ownership_guardrail.py,tests/contracts/workline/test_runtime_snapshot_contract.py;tests/architecture/test_core_plugin_test_ownership_guardrail.py,clean,external-contract-blocker,8c833610c08005005406b3a774c92519f69b7886,业务语义已迁入 src/app/runtime/capabilities/material_flow/ 目标态合同或 service，旧 WorkLine path 已删除。 插件专属测试已从核心移出；核心仅保留所有权边界证据，行为由对应插件包重建。
legacy:src/app/workline/domain/services/smt_inbound_handoff_route_service.py:_source_pick_device_role,domain_object,src/app/workline/domain/services/smt_inbound_handoff_route_service.py,_source_pick_device_role,workline,[phase4] SMT 入库业务流程,True,already-removed,semantics-covered,moved,external:DeviceCommandPort.dispatch,mapped,tests/contracts/workline/;tests/architecture/,tests/workline_runtime/test_runtime_intent_effect_applier.py,clean,internal-only,8c833610c08005005406b3a774c92519f69b7886,业务语义已迁入 src/app/runtime/capabilities/material_flow/ 目标态合同或 service，旧 WorkLine path 已删除。
legacy:src/app/workline/domain/services/smt_usage_policy.py:SmtUsagePolicy,domain_object,src/app/workline/domain/services/smt_usage_policy.py,SmtUsagePolicy,workline,[phase4] SMT 使用策略,True,already-removed,semantics-covered,moved,material-flow:contracts.smt_usage_policy.SmtUsagePolicy,mapped,tests/contracts/workline/;tests/architecture/,tests/contracts/test_business_legacy_absence_ledger.py,clean,internal-only,8c833610c08005005406b3a774c92519f69b7886,业务语义已迁入 src/app/runtime/capabilities/material_flow/ 目标态合同或 service，旧 WorkLine path 已删除。
legacy:src/app/workline/domain/services/smt_usage_policy.py:SmtUsageResult,domain_object,src/app/workline/domain/services/smt_usage_policy.py,SmtUsageResult,workline,[phase4] SMT 使用策略,True,already-removed,semantics-covered,moved,material-flow:contracts.smt_usage_policy.SmtUsagePolicy,mapped,tests/contracts/workline/;tests/architecture/,tests/contracts/test_business_legacy_absence_ledger.py,clean,internal-only,8c833610c08005005406b3a774c92519f69b7886,业务语义已迁入 src/app/runtime/capabilities/material_flow/ 目标态合同或 service，旧 WorkLine path 已删除。
legacy:src/app/workline/services/bin_cell_reservation_service.py:BinCellReservationResult,service,src/app/workline/services/bin_cell_reservation_service.py,BinCellReservationResult,workline,[phase4] Bin Cell 预约业务流程,True,already-removed,semantics-covered,already-removed,material-flow:bin_cell_reservation_service.WorklineBinCellReservationService,mapped,tests/contracts/workline/;tests/architecture/,tests/workline_runtime/test_bin_cell_reservation_target_lifecycle.py,clean,internal-only,,tracked source 已在前序 Phase4 中移除；本 PR 只验证语义和引用面。
legacy:src/app/workline/services/bin_cell_reservation_service.py:BinCellReservationStatusCode,service,src/app/workline/services/bin_cell_reservation_service.py,BinCellReservationStatusCode,workline,[phase4] Bin Cell 预约业务流程,True,already-removed,semantics-covered,already-removed,material-flow:bin_cell_reservation_service.WorklineBinCellReservationService,mapped,tests/contracts/workline/;tests/architecture/,tests/workline_runtime/test_bin_cell_reservation_target_lifecycle.py,clean,internal-only,,tracked source 已在前序 Phase4 中移除；本 PR 只验证语义和引用面。
legacy:src/app/workline/services/bin_cell_reservation_service.py:WorklineBinCellReservationService,service,src/app/workline/services/bin_cell_reservation_service.py,WorklineBinCellReservationService,workline,[phase4] Bin Cell 预约业务流程,True,already-removed,semantics-covered,already-removed,material-flow:bin_cell_reservation_service.WorklineBinCellReservationService,mapped,tests/contracts/workline/;tests/architecture/,tests/workline_runtime/test_bin_cell_reservation_target_lifecycle.py,clean,internal-only,,tracked source 已在前序 Phase4 中移除；本 PR 只验证语义和引用面。
legacy:src/app/workline/services/ng_return_item_service.py:NgMaterialConflictError,service,src/app/workline/services/ng_return_item_service.py,NgMaterialConflictError,workline,[phase4] NG 退货/处理业务流程,True,already-removed,semantics-covered,already-removed,material-flow:ng_return_item_service.NgReturnItemService,mapped,tests/contracts/workline/;tests/architecture/,tests/workline_runtime/test_bin_cell_reservation_target_lifecycle.py;tests/contracts/workline/test_runtime_hold_contract.py,clean,internal-only,,tracked source 已在前序 Phase4 中移除；本 PR 只验证语义和引用面。
legacy:src/app/workline/services/ng_return_item_service.py:NgReturnItemService,service,src/app/workline/services/ng_return_item_service.py,NgReturnItemService,workline,[phase4] NG 退货/处理业务流程,True,already-removed,semantics-covered,already-removed,material-flow:ng_return_item_service.NgReturnItemService,mapped,tests/contracts/workline/;tests/architecture/,tests/workline_runtime/test_bin_cell_reservation_target_lifecycle.py;tests/contracts/workline/test_runtime_hold_contract.py,clean,internal-only,,tracked source 已在前序 Phase4 中移除；本 PR 只验证语义和引用面。
legacy:src/app/workline/services/ng_return_item_service.py:_as_dict,service,src/app/workline/services/ng_return_item_service.py,_as_dict,workline,[phase4] NG 退货/处理业务流程,True,already-removed,semantics-covered,already-removed,material-flow:ng_return_item_service.NgReturnItemService,mapped,tests/contracts/workline/;tests/architecture/,tests/workline_runtime/test_bin_cell_reservation_target_lifecycle.py;tests/contracts/workline/test_runtime_hold_contract.py,clean,internal-only,,tracked source 已在前序 Phase4 中移除；本 PR 只验证语义和引用面。
legacy:src/app/workline/services/ng_return_item_service.py:_as_non_empty_str,service,src/app/workline/services/ng_return_item_service.py,_as_non_empty_str,workline,[phase4] NG 退货/处理业务流程,True,already-removed,semantics-covered,already-removed,material-flow:ng_return_item_service.NgReturnItemService,mapped,tests/contracts/workline/;tests/architecture/,tests/workline_runtime/test_bin_cell_reservation_target_lifecycle.py;tests/contracts/workline/test_runtime_hold_contract.py,clean,internal-only,,tracked source 已在前序 Phase4 中移除；本 PR 只验证语义和引用面。
legacy:src/app/workline/services/smt_inbound_handoff_service.py:SmtInboundHandoffService,service,src/app/workline/services/smt_inbound_handoff_service.py,SmtInboundHandoffService,workline,[phase4] SMT 入库业务流程,True,already-removed,semantics-covered,already-removed,material-flow:smt_inbound_handoff.SmtInboundHandoffIntentService,mapped,tests/architecture/test_core_plugin_test_ownership_guardrail.py,tests/contracts/workline/test_runtime_snapshot_contract.py;tests/architecture/test_core_plugin_test_ownership_guardrail.py,clean,external-contract-blocker,,tracked source 已在前序 Phase4 中移除；本 PR 只验证语义和引用面。 插件专属测试已从核心移出；核心仅保留所有权边界证据，行为由对应插件包重建。
legacy:src/app/workline/services/start_admission_service.py:StartAdmissionResult,service,src/app/workline/services/start_admission_service.py,StartAdmissionResult,workline,[phase4] Start Admission 业务流程,True,already-removed,semantics-covered,already-removed,material-flow:start_admission_service.WorkLineStartAdmissionService,mapped,tests/contracts/workline/;tests/architecture/,tests/contracts/workline/test_start_admission_contract.py,clean,internal-only,,tracked source 已在前序 Phase4 中移除；本 PR 只验证语义和引用面。
legacy:src/app/workline/services/start_admission_service.py:StartAdmissionStatusFetchResult,service,src/app/workline/services/start_admission_service.py,StartAdmissionStatusFetchResult,workline,[phase4] Start Admission 业务流程,True,already-removed,semantics-covered,already-removed,material-flow:start_admission_service.WorkLineStartAdmissionService,mapped,tests/contracts/workline/;tests/architecture/,tests/contracts/workline/test_start_admission_contract.py,clean,internal-only,,tracked source 已在前序 Phase4 中移除；本 PR 只验证语义和引用面。
legacy:src/app/workline/services/start_admission_service.py:StartAdmissionStatusTarget,service,src/app/workline/services/start_admission_service.py,StartAdmissionStatusTarget,workline,[phase4] Start Admission 业务流程,True,already-removed,semantics-covered,already-removed,material-flow:start_admission_service.WorkLineStartAdmissionService,mapped,tests/contracts/workline/;tests/architecture/,tests/contracts/workline/test_start_admission_contract.py,clean,internal-only,,tracked source 已在前序 Phase4 中移除；本 PR 只验证语义和引用面。
legacy:src/app/workline/services/start_admission_service.py:WorkLineStartAdmissionService,service,src/app/workline/services/start_admission_service.py,WorkLineStartAdmissionService,workline,[phase4] Start Admission 业务流程,True,already-removed,semantics-covered,already-removed,material-flow:start_admission_service.WorkLineStartAdmissionService,mapped,tests/contracts/workline/;tests/architecture/,tests/contracts/workline/test_start_admission_contract.py,clean,internal-only,,tracked source 已在前序 Phase4 中移除；本 PR 只验证语义和引用面。
legacy:src/app/workline/services/station_lease_service.py:StationLeaseReasonCode,service,src/app/workline/services/station_lease_service.py,StationLeaseReasonCode,workline,[phase4] Station Lease 业务流程,True,already-removed,semantics-covered,moved,material-flow:station_lease_service.WorklineStationLeaseService,mapped,tests/contracts/workline/;tests/architecture/,tests/workline_runtime/test_material_location_query_service.py;tests/architecture/test_core_plugin_test_ownership_guardrail.py,clean,internal-only,8c833610c08005005406b3a774c92519f69b7886,业务语义已迁入 src/app/runtime/capabilities/material_flow/ 目标态合同或 service，旧 WorkLine path 已删除。 插件专属测试已从核心移出；核心仅保留所有权边界证据，行为由对应插件包重建。
legacy:src/app/workline/services/station_lease_service.py:StationLeaseResult,service,src/app/workline/services/station_lease_service.py,StationLeaseResult,workline,[phase4] Station Lease 业务流程,True,already-removed,semantics-covered,moved,material-flow:station_lease_service.WorklineStationLeaseService,mapped,tests/contracts/workline/;tests/architecture/,tests/workline_runtime/test_material_location_query_service.py;tests/architecture/test_core_plugin_test_ownership_guardrail.py,clean,internal-only,8c833610c08005005406b3a774c92519f69b7886,业务语义已迁入 src/app/runtime/capabilities/material_flow/ 目标态合同或 service，旧 WorkLine path 已删除。 插件专属测试已从核心移出；核心仅保留所有权边界证据，行为由对应插件包重建。
legacy:src/app/workline/services/station_lease_service.py:WorklineStationLeaseService,service,src/app/workline/services/station_lease_service.py,WorklineStationLeaseService,workline,[phase4] Station Lease 业务流程,True,already-removed,semantics-covered,moved,material-flow:station_lease_service.WorklineStationLeaseService,mapped,tests/contracts/workline/;tests/architecture/,tests/workline_runtime/test_material_location_query_service.py;tests/architecture/test_core_plugin_test_ownership_guardrail.py,clean,internal-only,8c833610c08005005406b3a774c92519f69b7886,业务语义已迁入 src/app/runtime/capabilities/material_flow/ 目标态合同或 service，旧 WorkLine path 已删除。 插件专属测试已从核心移出；核心仅保留所有权边界证据，行为由对应插件包重建。
legacy:tests/workline_runtime/test_bin_cell_reservation_target_lifecycle.py:test_claim_conflict_persists_reconciling_and_keeps_cell_frozen,test,tests/workline_runtime/test_bin_cell_reservation_target_lifecycle.py,test_claim_conflict_persists_reconciling_and_keeps_cell_frozen,workline_runtime,[phase4] Bin Cell 预约业务流程,True,test-only,semantics-covered,kept-config-only,material-flow:bin_cell_reservation_service.WorklineBinCellReservationService,mapped,tests/workline_runtime/test_bin_cell_reservation_target_lifecycle.py,tests/workline_runtime/test_bin_cell_reservation_target_lifecycle.py;tests/contracts/workline/test_runtime_hold_contract.py,allowed-reference-only,internal-only,,保留为目标态 runtime contract/regression test，不再验证旧 plugin import surface。
legacy:tests/workline_runtime/test_bin_cell_reservation_target_lifecycle.py:test_claim_preserves_correlation_and_provider_evidence_in_idempotency_scope,test,tests/workline_runtime/test_bin_cell_reservation_target_lifecycle.py,test_claim_preserves_correlation_and_provider_evidence_in_idempotency_scope,workline_runtime,[phase4] Bin Cell 预约业务流程,True,test-only,semantics-covered,kept-config-only,material-flow:bin_cell_reservation_service.WorklineBinCellReservationService,mapped,tests/workline_runtime/test_bin_cell_reservation_target_lifecycle.py,tests/workline_runtime/test_bin_cell_reservation_target_lifecycle.py,allowed-reference-only,internal-only,,保留为目标态 runtime contract/regression test，不再验证旧 plugin import surface。
legacy:tests/workline_runtime/test_bin_cell_reservation_target_lifecycle.py:test_owner_mismatch_persists_reconciling_and_keeps_cell_frozen,test,tests/workline_runtime/test_bin_cell_reservation_target_lifecycle.py,test_owner_mismatch_persists_reconciling_and_keeps_cell_frozen,workline_runtime,[phase4] Bin Cell 预约业务流程,True,test-only,semantics-covered,kept-config-only,material-flow:bin_cell_reservation_service.WorklineBinCellReservationService,mapped,tests/workline_runtime/test_bin_cell_reservation_target_lifecycle.py,tests/workline_runtime/test_bin_cell_reservation_target_lifecycle.py;tests/contracts/workline/test_runtime_hold_contract.py,allowed-reference-only,internal-only,,保留为目标态 runtime contract/regression test，不再验证旧 plugin import surface。
legacy:tests/workline_runtime/test_bin_cell_reservation_target_lifecycle.py:test_reconciling_reservation_cannot_be_released_by_normal_failure_path,test,tests/workline_runtime/test_bin_cell_reservation_target_lifecycle.py,test_reconciling_reservation_cannot_be_released_by_normal_failure_path,workline_runtime,[phase4] Bin Cell 预约业务流程,True,test-only,semantics-covered,kept-config-only,material-flow:bin_cell_reservation_service.WorklineBinCellReservationService,mapped,tests/workline_runtime/test_bin_cell_reservation_target_lifecycle.py,tests/workline_runtime/test_bin_cell_reservation_target_lifecycle.py;tests/contracts/workline/test_runtime_hold_contract.py,allowed-reference-only,internal-only,,保留为目标态 runtime contract/regression test，不再验证旧 plugin import surface。
legacy:tests/workline_runtime/test_bin_cell_reservation_target_lifecycle.py:test_ttl_release_only_expires_planned_reservations,test,tests/workline_runtime/test_bin_cell_reservation_target_lifecycle.py,test_ttl_release_only_expires_planned_reservations,workline_runtime,[phase4] Bin Cell 预约业务流程,True,test-only,semantics-covered,kept-config-only,material-flow:bin_cell_reservation_service.WorklineBinCellReservationService,mapped,tests/workline_runtime/test_bin_cell_reservation_target_lifecycle.py,tests/workline_runtime/test_bin_cell_reservation_target_lifecycle.py,allowed-reference-only,internal-only,,保留为目标态 runtime contract/regression test，不再验证旧 plugin import surface。
