entry_id,entry_type,relative_path,symbol_or_route,current_owner,business_semantics,phase4_carrier,classification_status,strategy,target_path,target_capability,blocking_tests,drop_phase,risk,notes
legacy:src/app/workline/v1/active_objects.py:route_get_L22,api_route,src/app/workline/v1/active_objects.py,route_get_L22,workline,none,False,final,keep-contract,,,tests/contracts/workline/;tests/architecture/,phase5-tech,LOW,
legacy:src/app/workline/v1/active_objects.py:route_get_L39,api_route,src/app/workline/v1/active_objects.py,route_get_L39,workline,none,False,final,keep-contract,,,tests/contracts/workline/;tests/architecture/,phase5-tech,LOW,
legacy:src/app/workline/v1/archive.py:route_post_L34,api_route,src/app/workline/v1/archive.py,route_post_L34,workline,none,False,final,keep-contract,,,tests/contracts/workline/;tests/architecture/,phase5-tech,LOW,
legacy:src/app/workline/v1/archive.py:route_post_L90,api_route,src/app/workline/v1/archive.py,route_post_L90,workline,none,False,final,keep-contract,,,tests/contracts/workline/;tests/architecture/,phase5-tech,LOW,
legacy:src/app/workline/v1/operation.py:route_post_L44,api_route,src/app/workline/v1/operation.py,route_post_L44,workline,none,False,final,keep-contract,,,tests/contracts/workline/;tests/architecture/,phase5-tech,LOW,
legacy:src/app/workline/v1/workline.py:route_get_L43,api_route,src/app/workline/v1/workline.py,route_get_L43,workline,none,False,final,keep-contract,,,tests/contracts/workline/;tests/architecture/,phase5-tech,LOW,
legacy:src/app/workline/v1/workline.py:route_get_L85,api_route,src/app/workline/v1/workline.py,route_get_L85,workline,none,False,final,keep-contract,,,tests/contracts/workline/;tests/architecture/,phase5-tech,LOW,
legacy:src/app/workline/v1/workline.py:route_put_L116,api_route,src/app/workline/v1/workline.py,route_put_L116,workline,none,False,final,keep-contract,,,tests/contracts/workline/;tests/architecture/,phase5-tech,LOW,
legacy:src/app/workline/v1/workline.py:route_get_L161,api_route,src/app/workline/v1/workline.py,route_get_L161,workline,none,False,final,keep-contract,,,tests/contracts/workline/;tests/architecture/,phase5-tech,LOW,
legacy:src/app/workline/v1/workline.py:route_put_L188,api_route,src/app/workline/v1/workline.py,route_put_L188,workline,none,False,final,keep-contract,,,tests/contracts/workline/;tests/architecture/,phase5-tech,LOW,
legacy:src/app/workline/v1/workline.py:route_post_L224,api_route,src/app/workline/v1/workline.py,route_post_L224,workline,none,False,final,keep-contract,,,tests/contracts/workline/;tests/architecture/,phase5-tech,LOW,
legacy:src/app/workline/v1/workline.py:route_get_L258,api_route,src/app/workline/v1/workline.py,route_get_L258,workline,none,False,final,keep-contract,,,tests/contracts/workline/;tests/architecture/,phase5-tech,LOW,
legacy:src/app/workline/v1/workline.py:route_get_L281,api_route,src/app/workline/v1/workline.py,route_get_L281,workline,none,False,final,keep-contract,,,tests/contracts/workline/;tests/architecture/,phase5-tech,LOW,
legacy:src/app/workline/v1/workline.py:route_get_L314,api_route,src/app/workline/v1/workline.py,route_get_L314,workline,none,False,final,keep-contract,,,tests/contracts/workline/;tests/architecture/,phase5-tech,LOW,
legacy:src/app/workline/v1/workline.py:route_get_L342,api_route,src/app/workline/v1/workline.py,route_get_L342,workline,none,False,final,keep-contract,,,tests/contracts/workline/;tests/architecture/,phase5-tech,LOW,
legacy:src/app/workline/v1/workline.py:route_get_L373,api_route,src/app/workline/v1/workline.py,route_get_L373,workline,none,False,final,keep-contract,,,tests/contracts/workline/;tests/architecture/,phase5-tech,LOW,
legacy:src/app/workline/models/plane.py:PlaneNode,model,src/app/workline/models/plane.py,PlaneNode,workline,none,False,final,keep-contract,,,tests/contracts/workline/;tests/architecture/,phase5-tech,LOW,
legacy:src/app/workline/models/plane.py:PlaneEdge,model,src/app/workline/models/plane.py,PlaneEdge,workline,none,False,final,keep-contract,,,tests/contracts/workline/;tests/architecture/,phase5-tech,LOW,
legacy:src/app/workline/models/plane.py:PlaneSceneView,model,src/app/workline/models/plane.py,PlaneSceneView,workline,none,False,final,keep-contract,,,tests/contracts/workline/;tests/architecture/,phase5-tech,LOW,
legacy:src/app/workline/models/plane.py:PlaneObjectSnapshot,model,src/app/workline/models/plane.py,PlaneObjectSnapshot,workline,none,False,final,keep-contract,,,tests/contracts/workline/;tests/architecture/,phase5-tech,LOW,
legacy:src/app/workline/models/plane.py:PlaneExtremeState,model,src/app/workline/models/plane.py,PlaneExtremeState,workline,none,False,final,keep-contract,,,tests/contracts/workline/;tests/architecture/,phase5-tech,LOW,
legacy:src/app/workline/models/plane.py:PlaneSnapshot,model,src/app/workline/models/plane.py,PlaneSnapshot,workline,none,False,final,keep-contract,,,tests/contracts/workline/;tests/architecture/,phase5-tech,LOW,
legacy:src/app/workline/models/plane.py:SceneBindingState,model,src/app/workline/models/plane.py,SceneBindingState,workline,none,False,final,keep-contract,,,tests/contracts/workline/;tests/architecture/,phase5-tech,LOW,
legacy:src/app/workline/models/plane.py:PlaneResourceGroup,model,src/app/workline/models/plane.py,PlaneResourceGroup,workline,none,False,final,keep-contract,,,tests/contracts/workline/;tests/architecture/,phase5-tech,LOW,
legacy:src/app/workline/models/plane.py:PlaneResourceBinding,model,src/app/workline/models/plane.py,PlaneResourceBinding,workline,none,False,final,keep-contract,,,tests/contracts/workline/;tests/architecture/,phase5-tech,LOW,
legacy:src/app/workline/models/plane.py:PlaneResource,model,src/app/workline/models/plane.py,PlaneResource,workline,none,False,final,keep-contract,,,tests/contracts/workline/;tests/architecture/,phase5-tech,LOW,
legacy:src/app/workline/models/plane.py:PlaneOrphanBinding,model,src/app/workline/models/plane.py,PlaneOrphanBinding,workline,none,False,final,keep-contract,,,tests/contracts/workline/;tests/architecture/,phase5-tech,LOW,
legacy:src/app/workline/models/plane.py:PlaneSceneDiagnostics,model,src/app/workline/models/plane.py,PlaneSceneDiagnostics,workline,技术残留/调试,False,final,delete,,,tests/architecture/test_core_plugin_test_ownership_guardrail.py,phase5-tech,LOW,
legacy:src/app/workline/models/plane.py:PlaneResourceGroups,model,src/app/workline/models/plane.py,PlaneResourceGroups,workline,none,False,final,keep-contract,,,tests/contracts/workline/;tests/architecture/,phase5-tech,LOW,
legacy:src/app/workline/models/plane.py:PlaneWorkLineIdentityV2,model,src/app/workline/models/plane.py,PlaneWorkLineIdentityV2,workline,none,False,final,keep-contract,,,tests/contracts/workline/;tests/architecture/,phase5-tech,LOW,
legacy:src/app/workline/models/plane.py:PlaneSceneGeneratedFrom,model,src/app/workline/models/plane.py,PlaneSceneGeneratedFrom,workline,none,False,final,keep-contract,,,tests/contracts/workline/;tests/architecture/,phase5-tech,LOW,
legacy:src/app/workline/models/plane.py:PlaneSceneV2,model,src/app/workline/models/plane.py,PlaneSceneV2,workline,none,False,final,keep-contract,,,tests/contracts/workline/;tests/architecture/,phase5-tech,LOW,
legacy:src/app/workline/models/plane.py:PlaneResourceRef,model,src/app/workline/models/plane.py,PlaneResourceRef,workline,none,False,final,keep-contract,,,tests/contracts/workline/;tests/architecture/,phase5-tech,LOW,
legacy:src/app/workline/models/plane.py:PlaneSnapshotSourceStatus,model,src/app/workline/models/plane.py,PlaneSnapshotSourceStatus,workline,none,False,final,keep-contract,,,tests/contracts/workline/;tests/architecture/,phase5-tech,LOW,
legacy:src/app/workline/models/plane.py:PlaneResourceState,model,src/app/workline/models/plane.py,PlaneResourceState,workline,none,False,final,keep-contract,,,tests/contracts/workline/;tests/architecture/,phase5-tech,LOW,
legacy:src/app/workline/models/plane.py:PlaneSnapshotV2,model,src/app/workline/models/plane.py,PlaneSnapshotV2,workline,none,False,final,keep-contract,,,tests/contracts/workline/;tests/architecture/,phase5-tech,LOW,
legacy:src/app/workline/models/plane.py:PlaneCurrentTaskView,model,src/app/workline/models/plane.py,PlaneCurrentTaskView,workline,none,False,final,keep-contract,,,tests/contracts/workline/;tests/architecture/,phase5-tech,LOW,
legacy:src/app/workline/models/plane.py:PlaneCurrentTaskV2,model,src/app/workline/models/plane.py,PlaneCurrentTaskV2,workline,none,False,final,keep-contract,,,tests/contracts/workline/;tests/architecture/,phase5-tech,LOW,
legacy:src/app/workline/models/plane.py:PlaneActiveObjectLocation,model,src/app/workline/models/plane.py,PlaneActiveObjectLocation,workline,none,False,final,keep-contract,,,tests/contracts/workline/;tests/architecture/,phase5-tech,LOW,
legacy:src/app/workline/models/plane.py:PlaneActiveObjectView,model,src/app/workline/models/plane.py,PlaneActiveObjectView,workline,none,False,final,keep-contract,,,tests/contracts/workline/;tests/architecture/,phase5-tech,LOW,
legacy:src/app/workline/models/plane.py:PlaneActiveObjectsV2,model,src/app/workline/models/plane.py,PlaneActiveObjectsV2,workline,none,False,final,keep-contract,,,tests/contracts/workline/;tests/architecture/,phase5-tech,LOW,
legacy:src/app/workline/models/start.py:WorkLineStartRequest,model,src/app/workline/models/start.py,WorkLineStartRequest,workline,none,False,final,keep-contract,,,tests/contracts/workline/;tests/architecture/,phase5-tech,LOW,
legacy:src/app/workline/models/start.py:WorkLineStartResponse,model,src/app/workline/models/start.py,WorkLineStartResponse,workline,none,False,final,keep-contract,,,tests/contracts/workline/;tests/architecture/,phase5-tech,LOW,
legacy:src/app/workline/models/start.py:WorkLineStartErrorResponse,model,src/app/workline/models/start.py,WorkLineStartErrorResponse,workline,none,False,final,keep-contract,,,tests/contracts/workline/;tests/architecture/,phase5-tech,LOW,
legacy:src/app/workline/models/workline.py:LineType,model,src/app/workline/models/workline.py,LineType,workline,none,False,final,keep-contract,,,tests/contracts/workline/;tests/architecture/,phase5-tech,LOW,
legacy:src/app/workline/models/workline.py:WorkLineRunMode,model,src/app/workline/models/workline.py,WorkLineRunMode,workline,none,False,final,keep-contract,,,tests/contracts/workline/;tests/architecture/,phase5-tech,LOW,
legacy:src/app/workline/models/workline.py:WorkLineEditableBase,model,src/app/workline/models/workline.py,WorkLineEditableBase,workline,none,False,final,keep-contract,,,tests/contracts/workline/;tests/architecture/,phase5-tech,LOW,
legacy:src/app/workline/models/workline.py:WorkLineBase,model,src/app/workline/models/workline.py,WorkLineBase,workline,none,False,final,keep-contract,,,tests/contracts/workline/;tests/architecture/,phase5-tech,LOW,
legacy:src/app/workline/models/workline.py:WorkLine,model,src/app/workline/models/workline.py,WorkLine,workline,none,False,final,keep-contract,,,tests/contracts/workline/;tests/architecture/,phase5-tech,LOW,
legacy:src/app/workline/models/workline.py:WorkLineCreate,model,src/app/workline/models/workline.py,WorkLineCreate,workline,none,False,final,keep-contract,,,tests/contracts/workline/;tests/architecture/,phase5-tech,LOW,
legacy:src/app/workline/models/workline.py:WorkLineUpdate,model,src/app/workline/models/workline.py,WorkLineUpdate,workline,none,False,final,keep-contract,,,tests/contracts/workline/;tests/architecture/,phase5-tech,LOW,
legacy:src/app/workline/models/workline.py:WorkLineResponse,model,src/app/workline/models/workline.py,WorkLineResponse,workline,none,False,final,keep-contract,,,tests/contracts/workline/;tests/architecture/,phase5-tech,LOW,
legacy:src/app/workline/models/workline.py:WorkLineConfigurationCheck,model,src/app/workline/models/workline.py,WorkLineConfigurationCheck,workline,none,False,final,keep-contract,,,tests/contracts/workline/;tests/architecture/,phase5-tech,LOW,
legacy:src/app/workline/models/workline.py:WorkLinePositionInput,model,src/app/workline/models/workline.py,WorkLinePositionInput,workline,none,False,final,keep-contract,,,tests/contracts/workline/;tests/architecture/,phase5-tech,LOW,
legacy:src/app/workline/models/workline.py:WorkLineConfigurationStatus,model,src/app/workline/models/workline.py,WorkLineConfigurationStatus,workline,none,False,final,keep-contract,,,tests/contracts/workline/;tests/architecture/,phase5-tech,LOW,
legacy:src/app/workline/models/workline.py:WorkLineBaseConfigurationUpdate,model,src/app/workline/models/workline.py,WorkLineBaseConfigurationUpdate,workline,none,False,final,keep-contract,,,tests/contracts/workline/;tests/architecture/,phase5-tech,LOW,
legacy:src/app/workline/models/workline.py:WorkLineBaseConfigurationResponse,model,src/app/workline/models/workline.py,WorkLineBaseConfigurationResponse,workline,none,False,final,keep-contract,,,tests/contracts/workline/;tests/architecture/,phase5-tech,LOW,
legacy:src/app/workline/models/workline.py:WorkLineConfigurationUpdate,model,src/app/workline/models/workline.py,WorkLineConfigurationUpdate,workline,none,False,final,keep-contract,,,tests/contracts/workline/;tests/architecture/,phase5-tech,LOW,
legacy:src/app/workline/models/workline.py:WorkLineConfigurationResponse,model,src/app/workline/models/workline.py,WorkLineConfigurationResponse,workline,none,False,final,keep-contract,,,tests/contracts/workline/;tests/architecture/,phase5-tech,LOW,
legacy:src/app/workline/models/workline.py:WorkLinePluginSummary,model,src/app/workline/models/workline.py,WorkLinePluginSummary,workline,旧 plugin 框架，目标删除,False,final,delete,,,tests/architecture/test_core_plugin_test_ownership_guardrail.py,phase5-tech,MEDIUM,
legacy:src/app/workline/models/workline.py:WorkLineStateTransitionRequest,model,src/app/workline/models/workline.py,WorkLineStateTransitionRequest,workline,none,False,final,keep-contract,,,tests/contracts/workline/;tests/architecture/,phase5-tech,LOW,
legacy:src/app/workline/models/workline.py:WorkLineArchiveOpenWorkResponse,model,src/app/workline/models/workline.py,WorkLineArchiveOpenWorkResponse,workline,none,False,final,keep-contract,,,tests/contracts/workline/;tests/architecture/,phase5-tech,LOW,
legacy:src/app/workline/services/plane_scene_binding.py:ClassifiedBinding,service,src/app/workline/services/plane_scene_binding.py,ClassifiedBinding,workline,WorkLine 配置域能力,False,final,move,src/app/workline/services/,,tests/workline/test_workline_start_service.py;tests/api/test_workline_start_api.py,phase2,MEDIUM,
legacy:src/app/workline/services/plane_scene_binding.py:OrphanBinding,service,src/app/workline/services/plane_scene_binding.py,OrphanBinding,workline,WorkLine 配置域能力,False,final,move,src/app/workline/services/,,tests/workline/test_workline_start_service.py;tests/api/test_workline_start_api.py,phase2,MEDIUM,
legacy:src/app/workline/services/plane_scene_binding.py:ClassifiedBindingSet,service,src/app/workline/services/plane_scene_binding.py,ClassifiedBindingSet,workline,WorkLine 配置域能力,False,final,move,src/app/workline/services/,,tests/workline/test_workline_start_service.py;tests/api/test_workline_start_api.py,phase2,MEDIUM,
legacy:src/app/workline/services/plane_scene_binding.py:classify_device_bindings,service,src/app/workline/services/plane_scene_binding.py,classify_device_bindings,workline,WorkLine 配置域能力,False,final,move,src/app/workline/services/,,tests/workline/test_workline_start_service.py;tests/api/test_workline_start_api.py,phase2,MEDIUM,
legacy:src/app/workline/services/plane_scene_binding.py:classify_position_bindings,service,src/app/workline/services/plane_scene_binding.py,classify_position_bindings,workline,WorkLine 配置域能力,False,final,move,src/app/workline/services/,,tests/workline/test_workline_start_service.py;tests/api/test_workline_start_api.py,phase2,MEDIUM,
legacy:src/app/workline/services/plane_scene_binding.py:_classify,service,src/app/workline/services/plane_scene_binding.py,_classify,workline,WorkLine 配置域能力,False,final,move,src/app/workline/services/,,tests/workline/test_workline_start_service.py;tests/api/test_workline_start_api.py,phase2,MEDIUM,
legacy:src/app/workline/services/plane_scene_binding.py:reverse_bound_codes,service,src/app/workline/services/plane_scene_binding.py,reverse_bound_codes,workline,WorkLine 配置域能力,False,final,move,src/app/workline/services/,,tests/workline/test_workline_start_service.py;tests/api/test_workline_start_api.py,phase2,MEDIUM,
legacy:src/app/workline/services/plane_scene_binding.py:resolve_resource_ref,service,src/app/workline/services/plane_scene_binding.py,resolve_resource_ref,workline,WorkLine 配置域能力,False,final,move,src/app/workline/services/,,tests/workline/test_workline_start_service.py;tests/api/test_workline_start_api.py,phase2,MEDIUM,
legacy:src/app/workline/services/plane_scene_binding.py:_duplicated_codes,service,src/app/workline/services/plane_scene_binding.py,_duplicated_codes,workline,WorkLine 配置域能力,False,final,move,src/app/workline/services/,,tests/workline/test_workline_start_service.py;tests/api/test_workline_start_api.py,phase2,MEDIUM,
legacy:src/app/workline/services/plane_service.py:PlaneReadPrincipal,service,src/app/workline/services/plane_service.py,PlaneReadPrincipal,workline,none,False,final,keep-contract,,,tests/contracts/workline/;tests/architecture/,phase5-tech,LOW,
legacy:src/app/workline/services/plane_service.py:PlaneReadSecurityPolicy,service,src/app/workline/services/plane_service.py,PlaneReadSecurityPolicy,workline,none,False,final,keep-contract,,,tests/contracts/workline/;tests/architecture/,phase5-tech,LOW,
legacy:src/app/workline/services/plane_service.py:WorkLinePlaneService,service,src/app/workline/services/plane_service.py,WorkLinePlaneService,workline,none,False,final,keep-contract,,,tests/contracts/workline/;tests/architecture/,phase5-tech,LOW,
legacy:src/app/workline/services/workline_archive_service.py:WorkLineArchiveNotFoundError,service,src/app/workline/services/workline_archive_service.py,WorkLineArchiveNotFoundError,workline,none,False,final,keep-contract,,,tests/contracts/workline/;tests/architecture/,phase5-tech,LOW,
legacy:src/app/workline/services/workline_archive_service.py:WorkLineArchiveVersionConflictError,service,src/app/workline/services/workline_archive_service.py,WorkLineArchiveVersionConflictError,workline,none,False,final,keep-contract,,,tests/contracts/workline/;tests/architecture/,phase5-tech,LOW,
legacy:src/app/workline/services/workline_archive_service.py:WorkLineArchiveConfigurationError,service,src/app/workline/services/workline_archive_service.py,WorkLineArchiveConfigurationError,workline,none,False,final,keep-contract,,,tests/contracts/workline/;tests/architecture/,phase5-tech,LOW,
legacy:src/app/workline/services/workline_archive_service.py:WorkLineArchivePickingTaskNotFoundError,service,src/app/workline/services/workline_archive_service.py,WorkLineArchivePickingTaskNotFoundError,workline,none,False,final,keep-contract,,,tests/contracts/workline/;tests/architecture/,phase5-tech,LOW,
legacy:src/app/workline/services/workline_archive_service.py:WorkLineArchivePickingTaskInvalidStateError,service,src/app/workline/services/workline_archive_service.py,WorkLineArchivePickingTaskInvalidStateError,workline,none,False,final,keep-contract,,,tests/contracts/workline/;tests/architecture/,phase5-tech,LOW,
legacy:src/app/workline/services/workline_archive_service.py:WorkLineArchiveResult,service,src/app/workline/services/workline_archive_service.py,WorkLineArchiveResult,workline,none,False,final,keep-contract,,,tests/contracts/workline/;tests/architecture/,phase5-tech,LOW,
legacy:src/app/workline/services/workline_archive_service.py:WorkLineArchiveService,service,src/app/workline/services/workline_archive_service.py,WorkLineArchiveService,workline,none,False,final,keep-contract,,,tests/contracts/workline/;tests/architecture/,phase5-tech,LOW,
legacy:src/app/workline/services/workline_configuration_service.py:WorkLineConfigurationRepositoryPort,service,src/app/workline/services/workline_configuration_service.py,WorkLineConfigurationRepositoryPort,workline,none,False,final,keep-contract,,,tests/contracts/workline/;tests/architecture/,phase5-tech,LOW,
legacy:src/app/workline/services/workline_configuration_service.py:DeviceConfigurationRepositoryPort,service,src/app/workline/services/workline_configuration_service.py,DeviceConfigurationRepositoryPort,workline,none,False,final,keep-contract,,,tests/contracts/workline/;tests/architecture/,phase5-tech,LOW,
legacy:src/app/workline/services/workline_configuration_service.py:CacheInvalidatorPort,service,src/app/workline/services/workline_configuration_service.py,CacheInvalidatorPort,workline,none,False,final,keep-contract,,,tests/contracts/workline/;tests/architecture/,phase5-tech,LOW,
legacy:src/app/workline/services/workline_configuration_service.py:PositionConfigurationRepositoryPort,service,src/app/workline/services/workline_configuration_service.py,PositionConfigurationRepositoryPort,workline,none,False,final,keep-contract,,,tests/contracts/workline/;tests/architecture/,phase5-tech,LOW,
legacy:src/app/workline/services/workline_configuration_service.py:PluginBusinessBlockerPort,service,src/app/workline/services/workline_configuration_service.py,PluginBusinessBlockerPort,workline,none,False,final,keep-contract,,,tests/contracts/workline/;tests/architecture/,phase5-tech,LOW,
legacy:src/app/workline/services/workline_configuration_service.py:PluginReturnBufferDrainPort,service,src/app/workline/services/workline_configuration_service.py,PluginReturnBufferDrainPort,workline,none,False,final,keep-contract,,,tests/contracts/workline/;tests/architecture/,phase5-tech,LOW,
legacy:src/app/workline/services/workline_configuration_service.py:_PluginMismatch,service,src/app/workline/services/workline_configuration_service.py,_PluginMismatch,workline,none,False,final,keep-contract,,,tests/contracts/workline/;tests/architecture/,phase5-tech,LOW,
legacy:src/app/workline/services/workline_configuration_service.py:WorkLineConfigurationService,service,src/app/workline/services/workline_configuration_service.py,WorkLineConfigurationService,workline,none,False,final,keep-contract,,,tests/contracts/workline/;tests/architecture/,phase5-tech,LOW,
legacy:src/app/workline/services/workline_position_service.py:WorkLinePositionService,service,src/app/workline/services/workline_position_service.py,WorkLinePositionService,workline,none,False,final,keep-contract,,,tests/contracts/workline/;tests/architecture/,phase5-tech,LOW,
legacy:src/app/workline/services/workline_service.py:WorkLineService,service,src/app/workline/services/workline_service.py,WorkLineService,workline,none,False,final,keep-contract,,,tests/contracts/workline/;tests/architecture/,phase5-tech,LOW,
legacy:src/app/workline/services/workline_start_service.py:WorkLineStartNotFoundError,service,src/app/workline/services/workline_start_service.py,WorkLineStartNotFoundError,workline,none,False,final,keep-contract,,,tests/contracts/workline/;tests/architecture/,phase5-tech,LOW,
legacy:src/app/workline/services/workline_start_service.py:WorkLineStartInvalidStateError,service,src/app/workline/services/workline_start_service.py,WorkLineStartInvalidStateError,workline,none,False,final,keep-contract,,,tests/contracts/workline/;tests/architecture/,phase5-tech,LOW,
legacy:src/app/workline/services/workline_start_service.py:WorkLineStartConfigurationError,service,src/app/workline/services/workline_start_service.py,WorkLineStartConfigurationError,workline,none,False,final,keep-contract,,,tests/contracts/workline/;tests/architecture/,phase5-tech,LOW,
legacy:src/app/workline/services/workline_start_service.py:WorkLineStartVersionConflictError,service,src/app/workline/services/workline_start_service.py,WorkLineStartVersionConflictError,workline,none,False,final,keep-contract,,,tests/contracts/workline/;tests/architecture/,phase5-tech,LOW,
legacy:src/app/workline/services/workline_start_service.py:WorkLineStartService,service,src/app/workline/services/workline_start_service.py,WorkLineStartService,workline,none,False,final,keep-contract,,,tests/contracts/workline/;tests/architecture/,phase5-tech,LOW,
legacy:src/app/workline/services/write_back_service.py:_session_context,service,src/app/workline/services/write_back_service.py,_session_context,workline,执行状态，目标迁 runtime/orchestration,False,final,rebuild,src/app/runtime/orchestration/services/,RuntimeSessionService.advance,tests/architecture/test_runtime_inbox_state_machine_guardrail.py;tests/contracts/workline/test_runtime_snapshot_contract.py,phase2,HIGH,
legacy:src/app/workline/services/write_back_service.py:_set_session_context,service,src/app/workline/services/write_back_service.py,_set_session_context,workline,执行状态，目标迁 runtime/orchestration,False,final,rebuild,src/app/runtime/orchestration/services/,RuntimeSessionService.advance,tests/architecture/test_runtime_inbox_state_machine_guardrail.py;tests/contracts/workline/test_runtime_snapshot_contract.py,phase2,HIGH,
legacy:src/app/workline/services/write_back_service.py:_clear_session_wait,service,src/app/workline/services/write_back_service.py,_clear_session_wait,workline,执行状态，目标迁 runtime/orchestration,False,final,rebuild,src/app/runtime/orchestration/services/,RuntimeSessionService.advance,tests/architecture/test_runtime_inbox_state_machine_guardrail.py;tests/contracts/workline/test_runtime_snapshot_contract.py,phase2,HIGH,
legacy:src/app/workline/services/write_back_service.py:_clear_session_failure,service,src/app/workline/services/write_back_service.py,_clear_session_failure,workline,执行状态，目标迁 runtime/orchestration,False,final,rebuild,src/app/runtime/orchestration/services/,RuntimeSessionService.advance,tests/architecture/test_runtime_inbox_state_machine_guardrail.py;tests/contracts/workline/test_runtime_snapshot_contract.py,phase2,HIGH,
legacy:src/app/workline/services/write_back_service.py:_wait_session_status,service,src/app/workline/services/write_back_service.py,_wait_session_status,workline,执行状态，目标迁 runtime/orchestration,False,final,rebuild,src/app/runtime/orchestration/services/,RuntimeSessionService.advance,tests/architecture/test_runtime_inbox_state_machine_guardrail.py;tests/contracts/workline/test_runtime_snapshot_contract.py,phase2,HIGH,
legacy:src/app/workline/services/write_back_service.py:_add_timeline,service,src/app/workline/services/write_back_service.py,_add_timeline,workline,执行状态，目标迁 runtime/orchestration,False,final,rebuild,src/app/runtime/orchestration/services/,RuntimeTimelineQueryService.query,tests/architecture/test_runtime_inbox_state_machine_guardrail.py;tests/contracts/workline/test_runtime_snapshot_contract.py,phase2,HIGH,
legacy:src/app/workline/services/write_back_service.py:EffectFailure,service,src/app/workline/services/write_back_service.py,EffectFailure,workline,执行状态，目标迁 runtime/orchestration,False,final,rebuild,src/app/runtime/orchestration/services/,RuntimeIntentLog.dispatch_effect,tests/architecture/test_runtime_inbox_state_machine_guardrail.py;tests/contracts/workline/test_runtime_snapshot_contract.py,phase2,HIGH,
legacy:src/app/workline/services/write_back_service.py:EffectApplyState,service,src/app/workline/services/write_back_service.py,EffectApplyState,workline,执行状态，目标迁 runtime/orchestration,False,final,rebuild,src/app/runtime/orchestration/services/,RuntimeIntentLog.dispatch_effect,tests/architecture/test_runtime_inbox_state_machine_guardrail.py;tests/contracts/workline/test_runtime_snapshot_contract.py,phase2,HIGH,
legacy:src/app/workline/services/write_back_service.py:EffectApplyContext,service,src/app/workline/services/write_back_service.py,EffectApplyContext,workline,执行状态，目标迁 runtime/orchestration,False,final,rebuild,src/app/runtime/orchestration/services/,RuntimeIntentLog.dispatch_effect,tests/architecture/test_runtime_inbox_state_machine_guardrail.py;tests/contracts/workline/test_runtime_snapshot_contract.py,phase2,HIGH,
legacy:src/app/workline/services/write_back_service.py:_emit_timeline,service,src/app/workline/services/write_back_service.py,_emit_timeline,workline,执行状态，目标迁 runtime/orchestration,False,final,rebuild,src/app/runtime/orchestration/services/,RuntimeTimelineQueryService.query,tests/architecture/test_runtime_inbox_state_machine_guardrail.py;tests/contracts/workline/test_runtime_snapshot_contract.py,phase2,HIGH,
legacy:src/app/workline/services/write_back_service.py:_apply_context_patch,service,src/app/workline/services/write_back_service.py,_apply_context_patch,workline,none,False,final,keep-contract,,,tests/contracts/workline/;tests/architecture/,phase5-tech,LOW,
legacy:src/app/workline/services/write_back_service.py:_sync_effect_trace_fields,service,src/app/workline/services/write_back_service.py,_sync_effect_trace_fields,workline,执行状态，目标迁 runtime/orchestration,False,final,rebuild,src/app/runtime/orchestration/services/,RuntimeIntentLog.dispatch_effect,tests/architecture/test_runtime_inbox_state_machine_guardrail.py;tests/contracts/workline/test_runtime_snapshot_contract.py,phase2,HIGH,
legacy:src/app/workline/services/write_back_service.py:_timeline_inbox_id,service,src/app/workline/services/write_back_service.py,_timeline_inbox_id,workline,执行状态，目标迁 runtime/orchestration,False,final,rebuild,src/app/runtime/orchestration/services/,RuntimeInboxService.process_one,tests/architecture/test_runtime_inbox_state_machine_guardrail.py;tests/contracts/workline/test_runtime_snapshot_contract.py,phase2,HIGH,
legacy:src/app/workline/services/write_back_service.py:_effect_trace_payload,service,src/app/workline/services/write_back_service.py,_effect_trace_payload,workline,执行状态，目标迁 runtime/orchestration,False,final,rebuild,src/app/runtime/orchestration/services/,RuntimeIntentLog.dispatch_effect,tests/architecture/test_runtime_inbox_state_machine_guardrail.py;tests/contracts/workline/test_runtime_snapshot_contract.py,phase2,HIGH,
legacy:src/app/workline/services/write_back_service.py:_external_decision_timeline_payload,service,src/app/workline/services/write_back_service.py,_external_decision_timeline_payload,workline,执行状态，目标迁 runtime/orchestration,False,final,rebuild,src/app/runtime/orchestration/services/,RuntimeTimelineQueryService.query,tests/architecture/test_runtime_inbox_state_machine_guardrail.py;tests/contracts/workline/test_runtime_snapshot_contract.py,phase2,HIGH,
legacy:src/app/workline/services/write_back_service.py:_wait_timeline_payload,service,src/app/workline/services/write_back_service.py,_wait_timeline_payload,workline,执行状态，目标迁 runtime/orchestration,False,final,rebuild,src/app/runtime/orchestration/services/,RuntimeTimelineQueryService.query,tests/architecture/test_runtime_inbox_state_machine_guardrail.py;tests/contracts/workline/test_runtime_snapshot_contract.py,phase2,HIGH,
legacy:src/app/workline/services/write_back_service.py:_failure_timeline_payload,service,src/app/workline/services/write_back_service.py,_failure_timeline_payload,workline,执行状态，目标迁 runtime/orchestration,False,final,rebuild,src/app/runtime/orchestration/services/,RuntimeTimelineQueryService.query,tests/architecture/test_runtime_inbox_state_machine_guardrail.py;tests/contracts/workline/test_runtime_snapshot_contract.py,phase2,HIGH,
legacy:src/app/workline/services/write_back_service.py:_apply_failure_transition,service,src/app/workline/services/write_back_service.py,_apply_failure_transition,workline,none,False,final,keep-contract,,,tests/contracts/workline/;tests/architecture/,phase5-tech,LOW,
legacy:src/app/workline/services/write_back_service.py:_emit_completion_timeline,service,src/app/workline/services/write_back_service.py,_emit_completion_timeline,workline,执行状态，目标迁 runtime/orchestration,False,final,rebuild,src/app/runtime/orchestration/services/,RuntimeTimelineQueryService.query,tests/architecture/test_runtime_inbox_state_machine_guardrail.py;tests/contracts/workline/test_runtime_snapshot_contract.py,phase2,HIGH,
legacy:src/app/workline/services/write_back_service.py:_apply_completion_transition,service,src/app/workline/services/write_back_service.py,_apply_completion_transition,workline,none,False,final,keep-contract,,,tests/contracts/workline/;tests/architecture/,phase5-tech,LOW,
legacy:src/app/workline/services/object_transition_event_service.py:ObjectTransitionEventService,service,src/app/workline/services/object_transition_event_service.py,ObjectTransitionEventService,workline,none,False,final,keep-contract,,,tests/contracts/workline/;tests/architecture/,phase5-tech,LOW,
legacy:src/app/workline/services/object_transition_event_service.py:_domain_value,service,src/app/workline/services/object_transition_event_service.py,_domain_value,workline,none,False,final,keep-contract,,,tests/contracts/workline/;tests/architecture/,phase5-tech,LOW,
legacy:src/app/workline/services/timeline_sequence_service.py:add_timeline_with_sequence,service,src/app/workline/services/timeline_sequence_service.py,add_timeline_with_sequence,workline,执行状态，目标迁 runtime/orchestration,False,final,rebuild,src/app/runtime/orchestration/services/,RuntimeTimelineQueryService.query,tests/architecture/test_runtime_inbox_state_machine_guardrail.py;tests/contracts/workline/test_runtime_snapshot_contract.py,phase2,HIGH,
legacy:src/app/workline/services/timeline_sequence_service.py:allocate_timeline_seq_no,service,src/app/workline/services/timeline_sequence_service.py,allocate_timeline_seq_no,workline,执行状态，目标迁 runtime/orchestration,False,final,rebuild,src/app/runtime/orchestration/services/,RuntimeTimelineQueryService.query,tests/architecture/test_runtime_inbox_state_machine_guardrail.py;tests/contracts/workline/test_runtime_snapshot_contract.py,phase2,HIGH,
legacy:src/app/workline/repositories/workline_repository.py:WorkLineRepository,repository,src/app/workline/repositories/workline_repository.py,WorkLineRepository,workline,none,False,final,keep-contract,,,tests/contracts/workline/;tests/architecture/,phase5-tech,LOW,
legacy:src/app/workline/domain/contracts/device_error_codes.py:DeviceErrorCode,domain_object,src/app/workline/domain/contracts/device_error_codes.py,DeviceErrorCode,workline,none,False,final,keep-contract,,,tests/contracts/workline/;tests/architecture/,phase5-tech,LOW,
legacy:src/app/workline/domain/models/barcode_decision.py:BarcodeDecisionType,domain_object,src/app/workline/domain/models/barcode_decision.py,BarcodeDecisionType,workline,none,False,final,keep-contract,,,tests/contracts/workline/;tests/architecture/,phase5-tech,LOW,
legacy:src/app/workline/domain/models/barcode_decision.py:BarcodeDecision,domain_object,src/app/workline/domain/models/barcode_decision.py,BarcodeDecision,workline,none,False,final,keep-contract,,,tests/contracts/workline/;tests/architecture/,phase5-tech,LOW,
legacy:src/app/workline/domain/run_mode.py:normalize_run_mode,domain_object,src/app/workline/domain/run_mode.py,normalize_run_mode,workline,none,False,final,keep-contract,,,tests/contracts/workline/;tests/architecture/,phase5-tech,LOW,
legacy:src/app/workline/domain/run_mode.py:is_simulation_run_mode,domain_object,src/app/workline/domain/run_mode.py,is_simulation_run_mode,workline,none,False,final,keep-contract,,,tests/contracts/workline/;tests/architecture/,phase5-tech,LOW,
legacy:src/app/workline/domain/run_mode.py:is_sandbox_allowed_environment,domain_object,src/app/workline/domain/run_mode.py,is_sandbox_allowed_environment,workline,技术残留/调试,False,final,delete,,,tests/architecture/test_core_plugin_test_ownership_guardrail.py,phase5-tech,LOW,
legacy:src/app/workline/domain/services/barcode_decision_service.py:BarcodeDecisionService,domain_object,src/app/workline/domain/services/barcode_decision_service.py,BarcodeDecisionService,workline,none,False,final,keep-contract,,,tests/contracts/workline/;tests/architecture/,phase5-tech,LOW,
legacy:src/app/workline/domain/services/session_lifecycle_service.py:InvalidSessionTransition,domain_object,src/app/workline/domain/services/session_lifecycle_service.py,InvalidSessionTransition,workline,执行状态，目标迁 runtime/orchestration,False,final,rebuild,src/app/runtime/orchestration/services/,RuntimeSessionService.advance,tests/architecture/test_runtime_inbox_state_machine_guardrail.py;tests/contracts/workline/test_runtime_snapshot_contract.py,phase2,HIGH,
legacy:src/app/workline/domain/services/session_lifecycle_service.py:WorklineSessionLifecycleService,domain_object,src/app/workline/domain/services/session_lifecycle_service.py,WorklineSessionLifecycleService,workline,执行状态，目标迁 runtime/orchestration,False,final,rebuild,src/app/runtime/orchestration/services/,RuntimeSessionService.advance,tests/architecture/test_runtime_inbox_state_machine_guardrail.py;tests/contracts/workline/test_runtime_snapshot_contract.py,phase2,HIGH,
legacy:tests/workline_runtime/test_runtime_type_boundary_regressions.py:test_material_unit_fact_snapshot_ignores_unpersisted_identity,test,tests/workline_runtime/test_runtime_type_boundary_regressions.py,test_material_unit_fact_snapshot_ignores_unpersisted_identity,workline_runtime,测试,False,final,keep-contract,,,tests/workline_runtime/test_runtime_type_boundary_regressions.py,phase5-tech,LOW,
legacy:tests/workline_runtime/test_workline_active_objects_service.py:test_default_active_objects_composition_uses_only_target_repository,test,tests/workline_runtime/test_workline_active_objects_service.py,test_default_active_objects_composition_uses_only_target_repository,workline_runtime,测试,False,final,keep-contract,,,tests/workline_runtime/test_workline_active_objects_service.py,phase5-tech,LOW,
legacy:tests/workline_runtime/test_workline_active_objects_service.py:test_workline_active_objects_returns_ok_for_single_source,test,tests/workline_runtime/test_workline_active_objects_service.py,test_workline_active_objects_returns_ok_for_single_source,workline_runtime,测试,False,final,keep-contract,,,tests/workline_runtime/test_workline_active_objects_service.py,phase5-tech,LOW,
legacy:tests/workline_runtime/test_workline_active_objects_service.py:test_workline_active_objects_marks_multi_owner_reconciling,test,tests/workline_runtime/test_workline_active_objects_service.py,test_workline_active_objects_marks_multi_owner_reconciling,workline_runtime,测试,False,final,keep-contract,,,tests/workline_runtime/test_workline_active_objects_service.py,phase5-tech,LOW,
legacy:tests/workline_runtime/test_workline_active_objects_service.py:test_workline_active_objects_promotes_location_reconciling_to_object_state,test,tests/workline_runtime/test_workline_active_objects_service.py,test_workline_active_objects_promotes_location_reconciling_to_object_state,workline_runtime,测试,False,final,keep-contract,,,tests/workline_runtime/test_workline_active_objects_service.py,phase5-tech,LOW,
legacy:tests/workline_runtime/test_workline_active_objects_service.py:test_workline_active_objects_exposes_device_command_codes_for_resource_association,test,tests/workline_runtime/test_workline_active_objects_service.py,test_workline_active_objects_exposes_device_command_codes_for_resource_association,workline_runtime,测试,False,final,keep-contract,,,tests/workline_runtime/test_workline_active_objects_service.py,phase5-tech,LOW,
legacy:tests/workline_runtime/test_workline_active_objects_service.py:test_workline_active_objects_leaves_device_codes_empty_without_device_command_source,test,tests/workline_runtime/test_workline_active_objects_service.py,test_workline_active_objects_leaves_device_codes_empty_without_device_command_source,workline_runtime,测试,False,final,keep-contract,,,tests/workline_runtime/test_workline_active_objects_service.py,phase5-tech,LOW,
legacy:tests/workline_runtime/test_workline_active_objects_service.py:test_workline_active_objects_transient_window_expires_to_reconciling,test,tests/workline_runtime/test_workline_active_objects_service.py,test_workline_active_objects_transient_window_expires_to_reconciling,workline_runtime,测试,False,final,keep-contract,,,tests/workline_runtime/test_workline_active_objects_service.py,phase5-tech,LOW,
legacy:src/app/resource/services/projection_service.py:<file>,service,src/app/resource/services/projection_service.py,<file>,resource,跨域 session FK (EXECUTION_CORRELATION_BOUNDARY seed),False,final,rebuild,src/app/runtime/orchestration/models/execution_correlation.py,ExecutionCorrelation.correlation_id,tests/architecture/test_execution_correlation_boundary_guardrail.py,phase1,MEDIUM,guardrail_seed_scope
legacy:src/app/resource/services/projection_integrity_service.py:<file>,service,src/app/resource/services/projection_integrity_service.py,<file>,resource,跨域 session FK (EXECUTION_CORRELATION_BOUNDARY seed),False,final,rebuild,src/app/runtime/orchestration/models/execution_correlation.py,ExecutionCorrelation.correlation_id,tests/architecture/test_execution_correlation_boundary_guardrail.py,phase1,MEDIUM,guardrail_seed_scope
legacy:src/app/resource/services/relation_service.py:<file>,service,src/app/resource/services/relation_service.py,<file>,resource,跨域 session FK (EXECUTION_CORRELATION_BOUNDARY seed),False,final,rebuild,src/app/runtime/orchestration/models/execution_correlation.py,ExecutionCorrelation.correlation_id,tests/architecture/test_execution_correlation_boundary_guardrail.py,phase1,MEDIUM,guardrail_seed_scope
legacy:src/app/resource/models/resource.py:<file>,model,src/app/resource/models/resource.py,<file>,resource,跨域 session FK (EXECUTION_CORRELATION_BOUNDARY seed),False,final,rebuild,src/app/runtime/orchestration/models/execution_correlation.py,ExecutionCorrelation.correlation_id,tests/architecture/test_execution_correlation_boundary_guardrail.py,phase1,MEDIUM,guardrail_seed_scope
legacy:src/app/workline/models/object_transition_event.py:<file>,model,src/app/workline/models/object_transition_event.py,<file>,workline,跨域 session FK (EXECUTION_CORRELATION_BOUNDARY seed),False,final,rebuild,src/app/runtime/orchestration/models/execution_correlation.py,ExecutionCorrelation.correlation_id,tests/architecture/test_execution_correlation_boundary_guardrail.py,phase2,MEDIUM,guardrail_seed_scope
legacy:src/app/workline/repositories/object_transition_event_repository.py:<file>,repository,src/app/workline/repositories/object_transition_event_repository.py,<file>,workline,跨域 session FK (EXECUTION_CORRELATION_BOUNDARY seed),False,final,rebuild,src/app/runtime/orchestration/models/execution_correlation.py,ExecutionCorrelation.correlation_id,tests/architecture/test_execution_correlation_boundary_guardrail.py,phase2,LOW,guardrail_seed_scope
legacy:src/app/workline/services/object_transition_event_service.py:<file>,service,src/app/workline/services/object_transition_event_service.py,<file>,workline,跨域 session FK (EXECUTION_CORRELATION_BOUNDARY seed),False,final,rebuild,src/app/runtime/orchestration/models/execution_correlation.py,ExecutionCorrelation.correlation_id,tests/architecture/test_execution_correlation_boundary_guardrail.py,phase2,MEDIUM,guardrail_seed_scope
legacy:src/app/runtime/orchestration/services/inbox/object_transition_event_service.py:<file>,service,src/app/runtime/orchestration/services/inbox/object_transition_event_service.py,<file>,runtime,跨域 session FK (EXECUTION_CORRELATION_BOUNDARY seed — impl 物理迁入 inbox/ 后 path 跟踪),False,final,rebuild,src/app/runtime/orchestration/models/execution_correlation.py,ExecutionCorrelation.correlation_id,tests/architecture/test_execution_correlation_boundary_guardrail.py,phase2,MEDIUM,guardrail_seed_scope
legacy:src/app/workline/repositories/session_repository.py:<file>#CAPABILITY_IMPLEMENTATION_IMPORT,repository,src/app/workline/repositories/session_repository.py,<file>#CAPABILITY_IMPLEMENTATION_IMPORT,workline,capability import device 实现 (CAPABILITY_IMPLEMENTATION_IMPORT seed),False,final,rebuild,src/app/runtime/orchestration/ports/device_command.py,DeviceCommandPort.dispatch,tests/contracts/workline/;tests/architecture/,phase2,MEDIUM,guardrail_seed_scope
legacy:src/app/workline/repositories/workline_repository.py:<file>#CAPABILITY_IMPLEMENTATION_IMPORT,repository,src/app/workline/repositories/workline_repository.py,<file>#CAPABILITY_IMPLEMENTATION_IMPORT,workline,capability import device 实现 (CAPABILITY_IMPLEMENTATION_IMPORT seed),False,final,rebuild,src/app/runtime/orchestration/ports/device_command.py,DeviceCommandPort.dispatch,tests/contracts/workline/;tests/architecture/,phase2,MEDIUM,guardrail_seed_scope
legacy:src/app/runtime/orchestration/services/inbox/object_transition_event_service.py:ObjectTransitionEventService,service,src/app/runtime/orchestration/services/inbox/object_transition_event_service.py,ObjectTransitionEventService,runtime,Phase 10 runtime retain disposition,False,final,retain,src/app/runtime/orchestration/services/inbox/object_transition_event_service.py,ObjectTransitionEventService,tests/architecture/test_execution_correlation_boundary_guardrail.py,phase10,MEDIUM,phase10-prelock:runtime:retain
legacy:src/app/runtime/orchestration/repositories/release_operational_readiness_repository.py:ReleaseOperationalReadinessRepository,repository,src/app/runtime/orchestration/repositories/release_operational_readiness_repository.py,ReleaseOperationalReadinessRepository,runtime,Phase 10 runtime retain disposition,False,final,retain,src/app/runtime/orchestration/repositories/release_operational_readiness_repository.py,ReleaseOperationalReadinessRepository,tests/architecture/test_release_operational_readiness_repository_boundary.py;tests/integration/test_release_operational_readiness_postgresql.py,phase10,HIGH,phase10-prelock:runtime:retain
legacy:src/app/runtime/orchestration/models/session.py:WorklineSession,model,src/app/runtime/orchestration/models/session.py,WorklineSession,runtime,Phase 10 runtime retain disposition,False,final,retain,src/app/runtime/orchestration/models/session.py,WorklineSession,tests/workline_runtime/,phase10,HIGH,phase10-prelock:runtime:retain
legacy:src/app/runtime/orchestration/models/timeline.py:WorklineTimeline,model,src/app/runtime/orchestration/models/timeline.py,WorklineTimeline,runtime,Phase 10 runtime retain disposition,False,final,retain,src/app/runtime/orchestration/models/timeline.py,WorklineTimeline,tests/workline_runtime/,phase10,HIGH,phase10-prelock:runtime:retain
legacy:src/app/device/services/device_context_service.py:<file>,service,src/app/device/services/device_context_service.py,<file>,device,Phase 10 runtime switch disposition,False,final,switch,src/app/device/services/device_context_service.py,DeviceContextService,tests/architecture/test_cleanup_matrix_guardrail.py,phase10,HIGH,phase10-prelock:runtime:switch
legacy:src/app/resource/services/projection_service.py:ResourceProjectionService,service,src/app/resource/services/projection_service.py,ResourceProjectionService,resource,Phase 10 runtime switch disposition,False,final,switch,src/app/resource/services/projection_service.py,ResourceProjectionService,tests/architecture/test_cleanup_matrix_guardrail.py,phase10,HIGH,phase10-prelock:runtime:switch
legacy:src/app/resource/services/relation_service.py:ResourceRelationService,service,src/app/resource/services/relation_service.py,ResourceRelationService,resource,Phase 10 runtime switch disposition,False,final,switch,src/app/resource/services/relation_service.py,ResourceRelationService,tests/architecture/test_cleanup_matrix_guardrail.py,phase10,HIGH,phase10-prelock:runtime:switch
legacy:src/app/runtime/orchestration/workline_runtime_status_projection.py:<file>,runtime_module,src/app/runtime/orchestration/workline_runtime_status_projection.py,<file>,runtime,Phase 10 runtime switch disposition,False,final,switch,src/app/runtime/orchestration/workline_runtime_status_projection.py,WorklineRuntimeStatusProjection,tests/architecture/test_cleanup_matrix_guardrail.py,phase10,HIGH,phase10-prelock:runtime:switch
legacy:src/app/runtime/orchestration/services/inbox/__init__.py:<file>,service,src/app/runtime/orchestration/services/inbox/__init__.py,<file>,runtime,Phase 10 runtime switch disposition,False,final,switch,src/app/runtime/orchestration/services/inbox/__init__.py,ObjectTransitionEventService,tests/architecture/test_cleanup_matrix_guardrail.py,phase10,HIGH,phase10-prelock:runtime:switch
legacy:src/app/transport/composition.py:<file>,runtime_module,src/app/transport/composition.py,<file>,transport,Phase 10 wms switch disposition,False,final,switch,src/app/transport/composition.py,build_transport_runtime,tests/architecture/test_cleanup_matrix_guardrail.py,phase10,HIGH,phase10-prelock:wms:switch
legacy:src/app/workline/services/workline_service.py:<file>,service,src/app/workline/services/workline_service.py,<file>,workline,Phase 10 runtime switch disposition,False,final,switch,src/app/workline/services/workline_service.py,WorkLineService,tests/architecture/test_cleanup_matrix_guardrail.py,phase10,HIGH,phase10-prelock:runtime:switch
legacy:src/app/workline/services/workline_start_service.py:<file>,service,src/app/workline/services/workline_start_service.py,<file>,workline,Phase 10 runtime switch disposition,False,final,switch,src/app/workline/services/workline_start_service.py,WorkLineStartService,tests/architecture/test_cleanup_matrix_guardrail.py,phase10,HIGH,phase10-prelock:runtime:switch
legacy:src/app/workline/unit_of_work.py:<file>,service,src/app/workline/unit_of_work.py,<file>,workline,Phase 10 runtime switch disposition,False,final,switch,src/app/workline/unit_of_work.py,WorklineUnitOfWork,tests/architecture/test_cleanup_matrix_guardrail.py,phase10,HIGH,phase10-prelock:runtime:switch
legacy:src/app/runtime/orchestration/services/query/workline_active_objects_service.py:WorklineActiveObjectsService,service,src/app/runtime/orchestration/services/query/workline_active_objects_service.py,WorklineActiveObjectsService,runtime,Phase 10 runtime switch disposition,False,final,switch,src/app/runtime/orchestration/services/query/workline_active_objects_service.py,WorklineActiveObjectsService,tests/architecture/test_legacy_absence_guardrail.py,phase10,HIGH,phase10-prelock:runtime:switch
legacy:src/app/runtime/orchestration/models/object_transition_event.py:ObjectTransitionEvent,model,src/app/runtime/orchestration/models/object_transition_event.py,ObjectTransitionEvent,runtime,Phase 10 runtime retain disposition,False,final,retain,src/app/runtime/orchestration/models/object_transition_event.py,ObjectTransitionEvent,tests/architecture/test_execution_correlation_boundary_guardrail.py,phase10,HIGH,phase10-prelock:runtime:retain
legacy:src/app/runtime/orchestration/repositories/session_repository.py:WorklineSessionRepository,repository,src/app/runtime/orchestration/repositories/session_repository.py,WorklineSessionRepository,runtime,Phase 10 runtime retain disposition,False,final,retain,src/app/runtime/orchestration/repositories/session_repository.py,WorklineSessionRepository,tests/workline_runtime/,phase10,HIGH,phase10-prelock:runtime:retain
legacy:src/app/runtime/orchestration/repositories/timeline_sequence_repository.py:TimelineSequenceRepository,repository,src/app/runtime/orchestration/repositories/timeline_sequence_repository.py,TimelineSequenceRepository,runtime,Phase 10 runtime retain disposition,False,final,retain,src/app/runtime/orchestration/repositories/timeline_sequence_repository.py,TimelineSequenceRepository,tests/contracts/workline/test_runtime_timeline_query_contract.py,phase10,HIGH,phase10-prelock:runtime:retain
legacy:src/app/runtime/orchestration/services/trace/timeline_sequence_service.py:<file>,service,src/app/runtime/orchestration/services/trace/timeline_sequence_service.py,<file>,runtime,Phase 10 runtime retain disposition,False,final,retain,src/app/runtime/orchestration/services/trace/timeline_sequence_service.py,allocate_timeline_seq_no,tests/contracts/workline/test_runtime_timeline_query_contract.py,phase10,HIGH,phase10-prelock:runtime:retain
legacy:src/app/runtime/orchestration/__init__.py:<file>,package_export,src/app/runtime/orchestration/__init__.py,<file>,runtime,Phase 10 runtime switch disposition,False,final,switch,src/app/runtime/orchestration/__init__.py,__all__,tests/architecture/test_legacy_absence_guardrail.py,phase10,HIGH,phase10-prelock:runtime:switch
legacy:src/app/runtime/orchestration/models/__init__.py:<file>,package_export,src/app/runtime/orchestration/models/__init__.py,<file>,runtime,Phase 10 runtime switch disposition,False,final,switch,src/app/runtime/orchestration/models/__init__.py,WorklineSession,tests/architecture/test_legacy_absence_guardrail.py,phase10,HIGH,phase10-prelock:runtime:switch
legacy:src/app/runtime/orchestration/repositories/__init__.py:<file>,package_export,src/app/runtime/orchestration/repositories/__init__.py,<file>,runtime,Phase 10 runtime switch disposition,False,final,switch,src/app/runtime/orchestration/repositories/__init__.py,WorklineSessionRepository,tests/architecture/test_legacy_absence_guardrail.py,phase10,HIGH,phase10-prelock:runtime:switch
legacy:src/app/runtime/orchestration/services/__init__.py:<file>,package_export,src/app/runtime/orchestration/services/__init__.py,<file>,runtime,Phase 10 runtime switch disposition,False,final,switch,src/app/runtime/orchestration/services/__init__.py,__all__,tests/architecture/test_legacy_absence_guardrail.py,phase10,HIGH,phase10-prelock:runtime:switch
legacy:src/app/runtime/orchestration/services/query/__init__.py:<file>,package_export,src/app/runtime/orchestration/services/query/__init__.py,<file>,runtime,Phase 10 runtime switch disposition,False,final,switch,src/app/runtime/orchestration/services/query/__init__.py,__all__,tests/architecture/test_legacy_absence_guardrail.py,phase10,HIGH,phase10-prelock:runtime:switch
legacy:src/app/runtime/orchestration/services/trace/__init__.py:<file>,package_export,src/app/runtime/orchestration/services/trace/__init__.py,<file>,runtime,Phase 10 runtime switch disposition,False,final,switch,src/app/runtime/orchestration/services/trace/__init__.py,__all__,tests/architecture/test_legacy_absence_guardrail.py,phase10,HIGH,phase10-prelock:runtime:switch
legacy:src/app/workline/v1/active_objects.py:<file>,package_export,src/app/workline/v1/active_objects.py,<file>,workline,Phase 10 runtime switch disposition,False,final,switch,src/app/workline/v1/active_objects.py,get_workline_active_objects,tests/architecture/test_legacy_absence_guardrail.py,phase10,HIGH,phase10-prelock:runtime:switch
legacy:src/app/workline/v1/operation.py:<file>,package_export,src/app/workline/v1/operation.py,<file>,workline,Phase 10 runtime switch disposition,False,final,switch,src/app/workline/v1/operation.py,start_workline,tests/architecture/test_legacy_absence_guardrail.py,phase10,HIGH,phase10-prelock:runtime:switch
legacy:src/core/outbound_http/contracts.py:OutboundHttpDeliveryState,contract_symbol,src/core/outbound_http/contracts.py,OutboundHttpDeliveryState,core,Phase 10 sys retain disposition,False,final,retain,src/core/outbound_http/contracts.py,OutboundHttpDeliveryState,tests/core/outbound_http/test_contracts.py,phase10,HIGH,phase10-prelock:sys:retain
legacy:src/core/outbound_http/contracts.py:OutboundHttpFailureKind,contract_symbol,src/core/outbound_http/contracts.py,OutboundHttpFailureKind,core,Phase 10 sys retain disposition,False,final,retain,src/core/outbound_http/contracts.py,OutboundHttpFailureKind,tests/core/outbound_http/test_contracts.py,phase10,HIGH,phase10-prelock:sys:retain
legacy:src/core/outbound_http/contracts.py:OutboundHttpMethod,contract_symbol,src/core/outbound_http/contracts.py,OutboundHttpMethod,core,Phase 10 sys retain disposition,False,final,retain,src/core/outbound_http/contracts.py,OutboundHttpMethod,tests/core/outbound_http/test_contracts.py,phase10,HIGH,phase10-prelock:sys:retain
legacy:src/core/outbound_http/contracts.py:OutboundHttpRequest,contract_symbol,src/core/outbound_http/contracts.py,OutboundHttpRequest,core,Phase 10 sys retain disposition,False,final,retain,src/core/outbound_http/contracts.py,OutboundHttpRequest,tests/core/outbound_http/test_contracts.py,phase10,HIGH,phase10-prelock:sys:retain
legacy:src/core/outbound_http/contracts.py:OutboundHttpResponseLimits,contract_symbol,src/core/outbound_http/contracts.py,OutboundHttpResponseLimits,core,Phase 10 sys retain disposition,False,final,retain,src/core/outbound_http/contracts.py,OutboundHttpResponseLimits,tests/core/outbound_http/test_contracts.py,phase10,HIGH,phase10-prelock:sys:retain
legacy:src/core/outbound_http/contracts.py:OutboundHttpResult,contract_symbol,src/core/outbound_http/contracts.py,OutboundHttpResult,core,Phase 10 sys retain disposition,False,final,retain,src/core/outbound_http/contracts.py,OutboundHttpResult,tests/core/outbound_http/test_contracts.py,phase10,HIGH,phase10-prelock:sys:retain
legacy:src/core/outbound_http/contracts.py:OutboundHttpTransport,contract_symbol,src/core/outbound_http/contracts.py,OutboundHttpTransport,core,Phase 10 sys retain disposition,False,final,retain,src/core/outbound_http/contracts.py,OutboundHttpTransport,tests/core/outbound_http/test_contracts.py,phase10,HIGH,phase10-prelock:sys:retain
legacy:src/app/sys/models/__init__.py:<file>,package_export,src/app/sys/models/__init__.py,<file>,sys,Phase 10 sys switch disposition,False,final,switch,src/app/sys/models/__init__.py,AuditLog,tests/architecture/test_legacy_absence_guardrail.py,phase10,HIGH,phase10-prelock:sys:switch
legacy:src/app/sys/repositories/__init__.py:<file>,package_export,src/app/sys/repositories/__init__.py,<file>,sys,Phase 10 sys switch disposition,False,final,switch,src/app/sys/repositories/__init__.py,audit_log_repository,tests/architecture/test_legacy_absence_guardrail.py,phase10,HIGH,phase10-prelock:sys:switch
legacy:src/app/sys/services/__init__.py:<file>,package_export,src/app/sys/services/__init__.py,<file>,sys,Phase 10 sys switch disposition,False,final,switch,src/app/sys/services/__init__.py,AuditLogService,tests/architecture/test_legacy_absence_guardrail.py,phase10,HIGH,phase10-prelock:sys:switch
legacy:src/app/wms_adapter/client.py:WmsClient,service,src/app/wms_adapter/client.py,WmsClient,wms_adapter,Phase 10 wms retain disposition,False,final,retain,src/app/wms_adapter/client.py,WmsClient,tests/contracts/wms_adapter/test_client.py,phase10,HIGH,phase10-prelock:wms:retain
legacy:src/app/wms_adapter/inbound_auth.py:WmsInboundAuthPolicy,service,src/app/wms_adapter/inbound_auth.py,WmsInboundAuthPolicy,wms_adapter,Phase 10 wms switch disposition,False,final,switch,src/app/wms_adapter/inbound_auth.py,WmsInboundAuthPolicy,tests/contracts/wms_adapter/,phase10,HIGH,phase10-prelock:wms:switch
legacy:src/app/wms_adapter/transport_adapter.py:<file>,service,src/app/wms_adapter/transport_adapter.py,<file>,wms_adapter,Phase 10 wms retain disposition,False,final,retain,src/app/wms_adapter/transport_adapter.py,WmsTransportAdapter,tests/contracts/wms_adapter/,phase10,HIGH,phase10-prelock:wms:retain
legacy:src/app/wms_integration/__init__.py:<file>,package_export,src/app/wms_integration/__init__.py,<file>,wms_integration,Phase 10 wms retain disposition,False,final,retain,src/app/wms_integration/__init__.py,__all__,tests/runtime/execution/test_wms_confirmation_service.py,phase10,HIGH,phase10-prelock:wms:retain
legacy:src/app/wms_integration/models/__init__.py:<file>,package_export,src/app/wms_integration/models/__init__.py,<file>,wms_integration,Phase 10 wms switch disposition,False,final,switch,src/app/wms_integration/models/__init__.py,__all__,tests/runtime/execution/test_wms_confirmation_service.py,phase10,HIGH,phase10-prelock:wms:switch
legacy:src/app/wms_integration/ports/__init__.py:<file>,package_export,src/app/wms_integration/ports/__init__.py,<file>,wms_integration,Phase 10 wms switch disposition,False,final,switch,src/app/wms_integration/ports/__init__.py,__all__,tests/runtime/execution/test_wms_confirmation_service.py,phase10,HIGH,phase10-prelock:wms:switch
legacy:src/celery_app/tasks/__init__.py:<file>,package_export,src/celery_app/tasks/__init__.py,<file>,celery_app,Phase 10 celery-boot switch disposition,False,final,switch,src/celery_app/tasks/__init__.py,__all__,tests/deployment/test_execution_worker_startup.py;tests/deployment/test_wms_confirmation_dispatcher.py,phase10,HIGH,phase10-prelock:celery-boot:switch
legacy:src/celery_app/app.py:<file>,boot_wiring,src/celery_app/app.py,<file>,celery_app,Phase 10 celery-boot switch disposition,False,final,switch,src/celery_app/app.py,celery_app,tests/deployment/test_execution_worker_startup.py;tests/deployment/test_wms_confirmation_dispatcher.py,phase10,HIGH,phase10-prelock:celery-boot:switch
legacy:src/celery_app/async_runtime.py:<file>,boot_wiring,src/celery_app/async_runtime.py,<file>,celery_app,Phase 10 celery-boot switch disposition,False,final,switch,src/celery_app/async_runtime.py,celery_async_runtime,tests/deployment/test_execution_worker_startup.py;tests/deployment/test_wms_confirmation_dispatcher.py,phase10,HIGH,phase10-prelock:celery-boot:switch
legacy:src/celery_app/config.py:<file>,boot_wiring,src/celery_app/config.py,<file>,celery_app,Phase 10 celery-boot switch disposition,False,final,switch,src/celery_app/config.py,beat_schedule,tests/deployment/test_execution_worker_startup.py;tests/deployment/test_wms_confirmation_dispatcher.py,phase10,HIGH,phase10-prelock:celery-boot:switch
legacy:src/register.py:register_init,boot_wiring,src/register.py,register_init,api,Phase 10 celery-boot switch disposition,False,final,switch,src/register.py,register_init,tests/deployment/test_execution_worker_startup.py;tests/deployment/test_wms_confirmation_dispatcher.py,phase10,HIGH,phase10-prelock:celery-boot:switch
legacy:src/celery_app/config.py:queue:wms-fulfillment,queue,src/celery_app/config.py,queue:wms-fulfillment,celery_app,Phase 10 celery-boot retain disposition,False,final,retain,src/celery_app/config.py,queue:wms-fulfillment,tests/deployment/test_wms_confirmation_dispatcher.py,phase10,HIGH,phase10-prelock:celery-boot:retain
legacy:docs/architecture/heavy-test-impact.toml:<file>,current_wiring,docs/architecture/heavy-test-impact.toml,<file>,deployment,Phase 10 deployment switch disposition,False,final,switch,docs/architecture/heavy-test-impact.toml,file:docs/architecture/heavy-test-impact.toml,tests/architecture/test_cleanup_matrix_guardrail.py,phase10,HIGH,phase10-prelock:deployment:switch
legacy:scripts/architecture-guardrails.sh:<file>,current_wiring,scripts/architecture-guardrails.sh,<file>,deployment,Phase 10 deployment switch disposition,False,final,switch,scripts/architecture-guardrails.sh,file:scripts/architecture-guardrails.sh,tests/architecture/test_cleanup_matrix_guardrail.py,phase10,HIGH,phase10-prelock:deployment:switch
legacy:scripts/data/reset_runtime_data.py:<file>,current_wiring,scripts/data/reset_runtime_data.py,<file>,runtime,Phase 10 runtime switch disposition,False,final,switch,scripts/data/reset_runtime_data.py,reset_runtime_data,tests/architecture/test_cleanup_matrix_guardrail.py,phase10,HIGH,phase10-prelock:runtime:switch
legacy:scripts/dev-env.sh:<file>,current_wiring,scripts/dev-env.sh,<file>,deployment,Phase 10 deployment switch disposition,False,final,switch,scripts/dev-env.sh,file:scripts/dev-env.sh,tests/architecture/test_cleanup_matrix_guardrail.py,phase10,HIGH,phase10-prelock:deployment:switch
legacy:scripts/git-quality-gate.sh:<file>,current_wiring,scripts/git-quality-gate.sh,<file>,deployment,Phase 10 deployment switch disposition,False,final,switch,scripts/git-quality-gate.sh,file:scripts/git-quality-gate.sh,tests/architecture/test_cleanup_matrix_guardrail.py,phase10,HIGH,phase10-prelock:deployment:switch
legacy:scripts/run_selected_heavy_local.sh:<file>,current_wiring,scripts/run_selected_heavy_local.sh,<file>,deployment,Phase 10 deployment switch disposition,False,final,switch,scripts/run_selected_heavy_local.sh,file:scripts/run_selected_heavy_local.sh,tests/architecture/test_cleanup_matrix_guardrail.py,phase10,HIGH,phase10-prelock:deployment:switch
legacy:src/core/conf.py:<file>,current_wiring,src/core/conf.py,<file>,core,Phase 10 deployment switch disposition,False,final,switch,src/core/conf.py,Settings,tests/architecture/test_cleanup_matrix_guardrail.py,phase10,HIGH,phase10-prelock:deployment:switch
legacy:src/core/task_queue_gateway.py:<file>,current_wiring,src/core/task_queue_gateway.py,<file>,core,Phase 10 celery-boot switch disposition,False,final,switch,src/core/task_queue_gateway.py,CeleryTaskQueueGateway,tests/architecture/test_cleanup_matrix_guardrail.py,phase10,HIGH,phase10-prelock:celery-boot:switch
legacy:.env.dev:<file>,deployment,.env.dev,<file>,deployment,Phase 10 deployment switch disposition,False,final,switch,.env.dev,file:.env.dev,tests/deployment/test_execution_worker_startup.py;tests/deployment/test_wms_confirmation_dispatcher.py,phase10,HIGH,phase10-prelock:deployment:switch
legacy:.env.prod:<file>,deployment,.env.prod,<file>,deployment,Phase 10 deployment switch disposition,False,final,switch,.env.prod,file:.env.prod,tests/deployment/test_execution_worker_startup.py;tests/deployment/test_wms_confirmation_dispatcher.py,phase10,HIGH,phase10-prelock:deployment:switch
legacy:.env.test:<file>,deployment,.env.test,<file>,deployment,Phase 10 deployment switch disposition,False,final,switch,.env.test,file:.env.test,tests/deployment/test_execution_worker_startup.py;tests/deployment/test_wms_confirmation_dispatcher.py,phase10,HIGH,phase10-prelock:deployment:switch
legacy:Jenkinsfile.backend-ci:<file>,deployment,Jenkinsfile.backend-ci,<file>,deployment,Phase 10 deployment switch disposition,False,final,switch,Jenkinsfile.backend-ci,file:Jenkinsfile.backend-ci,tests/deployment/test_execution_worker_startup.py;tests/deployment/test_wms_confirmation_dispatcher.py,phase10,HIGH,phase10-prelock:deployment:switch
legacy:Jenkinsfile.test-deploy:<file>,deployment,Jenkinsfile.test-deploy,<file>,deployment,Phase 10 deployment switch disposition,False,final,switch,Jenkinsfile.test-deploy,file:Jenkinsfile.test-deploy,tests/deployment/test_execution_worker_startup.py;tests/deployment/test_wms_confirmation_dispatcher.py,phase10,HIGH,phase10-prelock:deployment:switch
legacy:docker-compose.deploy.yml:<file>,deployment,docker-compose.deploy.yml,<file>,deployment,Phase 10 deployment switch disposition,False,final,switch,docker-compose.deploy.yml,file:docker-compose.deploy.yml,tests/deployment/test_execution_worker_startup.py;tests/deployment/test_wms_confirmation_dispatcher.py,phase10,HIGH,phase10-prelock:deployment:switch
legacy:docker-compose.frontend.yml:<file>,deployment,docker-compose.frontend.yml,<file>,deployment,Phase 10 deployment switch disposition,False,final,switch,docker-compose.frontend.yml,file:docker-compose.frontend.yml,tests/deployment/test_execution_worker_startup.py;tests/deployment/test_wms_confirmation_dispatcher.py,phase10,HIGH,phase10-prelock:deployment:switch
legacy:docker-compose.test-deploy.yml:<file>,deployment,docker-compose.test-deploy.yml,<file>,deployment,Phase 10 deployment switch disposition,False,final,switch,docker-compose.test-deploy.yml,file:docker-compose.test-deploy.yml,tests/deployment/test_execution_worker_startup.py;tests/deployment/test_wms_confirmation_dispatcher.py,phase10,HIGH,phase10-prelock:deployment:switch
legacy:docker-compose.yml:<file>,deployment,docker-compose.yml,<file>,deployment,Phase 10 deployment switch disposition,False,final,switch,docker-compose.yml,file:docker-compose.yml,tests/deployment/test_execution_worker_startup.py;tests/deployment/test_wms_confirmation_dispatcher.py,phase10,HIGH,phase10-prelock:deployment:switch
legacy:Jenkinsfile.release-checker-ci:<file>,deployment,Jenkinsfile.release-checker-ci,<file>,deployment,Phase 10 deployment retain disposition,False,final,retain,Jenkinsfile.release-checker-ci,file:Jenkinsfile.release-checker-ci,tests/deployment/,phase10,MEDIUM,phase10-prelock:deployment:retain
legacy:docker-compose.wms-acceptance.yml:<file>,deployment,docker-compose.wms-acceptance.yml,<file>,deployment,Phase 10 deployment retain disposition,False,final,retain,docker-compose.wms-acceptance.yml,file:docker-compose.wms-acceptance.yml,tests/deployment/test_docker_compose_mock_urls.py,phase10,MEDIUM,phase10-prelock:deployment:retain
legacy:src/app/runtime/orchestration/workline_runtime_status_projection.py:WorklineRuntimeStatusProjection,model,src/app/runtime/orchestration/workline_runtime_status_projection.py,WorklineRuntimeStatusProjection,runtime,Phase 10 schema-deferred schema-deferred disposition,False,final,schema-deferred,migrations/env.py,wes_biz.workline_runtime_status_projections,tests/architecture/test_runtime_status_owner_guardrail.py,phase11-schema,HIGH,phase10-prelock:schema-deferred:schema-deferred
